id,keyword,location,text,target,pred,p_disaster,p_non_disaster
1409,body%20bag,Paignton,?? New Ladies Shoulder Tote #Handbag Faux Leather Hobo Purse Cross Body Bag #Womens http://t.co/zujwUiomb3 http://t.co/iap4LwvqsW,1,0,0.00032556988298892975,0.9996744394302368
9099,suicide%20bomb,,@AlfaPedia It might have come out ONLY too burst as a Bomb making him suicide bomber,1,0,0.008731217123568058,0.9912687540054321
1937,burning%20buildings,,@foxnewsvideo @AIIAmericanGirI @ANHQDC So ... where are the rioters looters and burning buildings????  WHITE LIVES MATTER!!!!!!,1,0,0.14889377355575562,0.8511061668395996
9640,thunderstorm,,Falling asleep to the sounds to thousands of River Plate fans in the stadium and a thunderstorm. #VivaArgentina,0,1,0.6072405576705933,0.39275944232940674
2173,catastrophic,"Quito, Ecuador.",Learning from the Legacy of a Catastrophic Eruption http://t.co/25sY9Y295L via @newyorker,1,0,0.006988275796175003,0.9930117726325989
1796,buildings%20on%20fire,Sweden,shootings explosions hand grenades thrown at cars and houses &amp; vehicles and buildings set on fire. It all just baffles me.Is this Sweden?,1,0,0.45619451999664307,0.5438054203987122
2478,collided,,The 2 cars right in front of me collided and If I hadnt stopped in time it would've been me too. #ButGod ????,1,0,0.001057448680512607,0.9989425539970398
10223,volcano,,#USGS M 1.9 - 5km S of Volcano Hawaii: Time2015-08-06 01:04:01 UTC2015-08-05 15:04:01 -10:00 at epicenter... http://t.co/dIsrwhQGym #SM,1,0,0.0001331142702838406,0.9998668432235718
2198,catastrophic,Planet Earth,Learning from the Legacy of a Catastrophic Eruption - The New Yorker http://t.co/vMWTOUyOHm,1,0,0.0011496207443997264,0.9988503456115723
4551,emergency%20plan,Ireland,Our builder is having a dental emergency. Which has ruined my plan to emotionally blackmail him this afternoon with my bump.,1,0,0.046430349349975586,0.9535697102546692
6396,hurricane,Berlin - Germany,@lavapixcom Did you see #hurricane #guillermo with #MeteoEarth? http://t.co/mfckpVzfV8,1,0,0.01541703101247549,0.9845830202102661
4081,displaced,UK  & Germany,#Myanmar  Displaced #Rohingya at #Sittwe point of no return http://t.co/qegMRhSms2  #Prison like conditions #genocide @IHHen @MSF @Refugees,1,0,0.16585496068000793,0.8341450691223145
4046,disaster,"Los Angeles, California",Teen Disaster Preparedness Event in Van Nuys August 11 @ 5:30pm http://t.co/fXUX987vZx via @VanNuysCouncil,0,1,0.9880059361457825,0.011994059197604656
3123,debris,Seattle,#love #food #fun Malaysian Prime Minister Najib Razak confirmed that the aircraft debris found on RÌ©union Isla...  http://t.co/FK1L4noziG,1,0,0.000301722961012274,0.999698281288147
5482,flames,St. Patrick's Purgatory,@TadhgTGMTEL dude was just smoking and the fucking thing went up in flames i though a bomb went off omg scared,1,0,0.0034140876960009336,0.9965858459472656
9469,terrorism,"Reston, VA, USA",A good piece on Israeli incitement and Jewish terrorism by Beinart: http://t.co/OT2OOOEdts,1,0,0.17904148995876312,0.8209584951400757
7823,quarantine,"San Diego, Calif.",RT @WIRED: Reddit will now quarantine offensive content http://t.co/zlAGv1U5ZA,0,1,0.7892297506332397,0.21077024936676025
10536,windstorm,,Windstorm lastingness perquisite - acquiesce in a twister retreat: ZiUW http://t.co/iRt4kkgsJx,1,0,0.10392528027296066,0.8960747122764587
6757,lightning,"Norman, Oklahoma",Couple storms near Guthrie OK. Leaving Norman for an evening lightning op. #okwx http://t.co/HcwrK81p71,1,0,0.4344457983970642,0.565554141998291
5502,flames,Fairy Tail! ,@AisuMage @AkumaReisu --just between Gray and Ophelia red flames blazing around her person setting nearly everything in the area--,1,0,2.430645622553129e-07,0.9999997615814209
10342,weapons,"GrC Founder, 8,000 Subscribers",Weapons stolen from National Guard Armory in New Albany still missing #Gunsense http://t.co/lKNU8902JE,0,1,0.9900257587432861,0.009974224492907524
6015,hazardous,,@TheBlackshag @dannyoneil too toxic...cancer....disease...hazardous waste...noxious...,1,0,0.014629107899963856,0.9853708744049072
7527,oil%20spill,"Kamloops, BC",@Kinder_Morgan can'twon't tell @cityofkamloops how they'd respond to an oil spill. Trust them? See Sec 4.2 #Kamloops http://t.co/TA6N9sZyfP,1,0,0.2883574962615967,0.7116424441337585
7759,police,Nigeria,Now Trending in Nigeria: Police charge traditional ruler others with informantÛªs  murder http://t.co/93inFxzhX0,1,0,0.4375244677066803,0.5624755024909973
8735,sinking,,That horrible sinking feeling when youÛªve been at home on your phone for a while and you realise its been on 3G this whole time,1,0,0.0017515552463009953,0.9982484579086304
3373,demolition,,General News Û¢åÊ'Demolition of houses on waterways begins at Achimota Mile 7 ' via @233liveOnline. Full story at http://t.co/iO7kUUg1uq,0,1,0.8538569808006287,0.14614297449588776
6764,lightning,,Science Daily: Lightning reshapes rocks at the atomic level - A lightning strike can reshape a mineral's crystal s... http://t.co/TEZLTqeyw2,1,0,0.27154645323753357,0.7284535765647888
9082,structural%20failure,,Slums are a manifestation state failure to provide housing to citizens. Illegality discourse confounds structural problems. #stopevictions,1,0,0.10985725373029709,0.8901427388191223
1883,burning,,ÛÓ bulletproof and black like a funeral; the world around us is burning but we're so cold. http://t.co/uqssnAAtTu,1,0,0.0009669758728705347,0.9990330934524536
3914,devastated,London,ÛÏRichmond Coaches were devastated to hear of the death of their second driver Mr Chance who was sittingÛ_: Jam... http://t.co/dIalTa6t69,1,0,0.0033513056114315987,0.9966487288475037
5150,fatal,Play For Ryan ??,fatal attraction,0,1,0.6151184439659119,0.38488152623176575
1174,blight,UK,The #Palestinian #refugee tragedy is a blight on humanity &amp; should shame every #Israeli for living with it. https://t.co/gAAE0nO5du,1,0,0.0621487982571125,0.9378511905670166
1614,bombed,Erbil,.@Vagersedolla visits villages recently bombed by Turkey and finds people fed up with the PKK http://t.co/UUWEiKD7sP,1,0,0.0570128858089447,0.9429871439933777
8234,riot,"Sligo and Galway, Ireland",@DavidJordan88 @Stephanenny Except we don't know who started the riot or if it even makes sense to credit any particular individuals...,1,0,0.00011077077215304598,0.9998892545700073
4983,explosion,"Columbus, OH",A Pyrotechnic Artwork by Cai Guo-Qiang Explodes into a Blossom on the Steps of the Philadelphia... http://t.co/orOvZFsKU2,1,0,1.0886267773457803e-05,0.9999891519546509
9029,stretcher,"Amazon Seller , Propagandist",Keep shape your shoes ??#Amazon #foot #adjust #shape #shoe Mini Shoe Tree Stretcher Shaper Width Extender Adjustable http://t.co/8cPcz2xoHb,1,0,8.13562364783138e-05,0.9999185800552368
7523,oil%20spill,,Refugio oil spill may have been costlier bigger than projected http://t.co/gtHddzAvhg #LosAngelesTimes #latimes #news,1,0,0.2507181763648987,0.7492817640304565
9989,tsunami,but i love kaylen ??,I hope this tsunami clears b4 i have to walk outside to my car ????,1,0,0.1259806901216507,0.8740192651748657
197,airplane%20accident,Pennsylvania,Strict liability in the context of an airplane accident: Pilot error is a common component of most aviation cr... http://t.co/6CZ3bOhRd4,1,0,0.26444754004478455,0.7355524301528931
10246,volcano,right here,@volcano_tornado live somewhere else for a while and Da Mill ain't too bad son! #perspective,1,0,4.386129148770124e-06,0.9999955892562866
3299,demolish,NYHC,If you think going to demolish Drake's house over some ghostwriting shit you should know that Rihanna lives next door.,1,0,0.0005887005245313048,0.9994113445281982
5324,fire,,Setting things on fire is always an option,1,0,0.01141037605702877,0.9885896444320679
5223,fatality,,@hrips_k when u do a fatality and like the corpse is still jittering,1,0,0.03424366936087608,0.965756356716156
4019,disaster,San Francisco,Blue Bell May Be Close to a Return From Its Listeria Disaster... Hot on #theneeds #Recipes http://t.co/F56v61AmPt,1,0,0.0005269708926789463,0.9994730353355408
3525,derailment,UK,@Raishimi33 :) well I think that sounds like a fine plan where little derailment is possible so I applaud you :),1,0,2.6109393729711883e-05,0.9999738931655884
1532,bomb,"Lincoln, NE",the_af comments on 'New evidence of Japan's effort to build atom bomb at the end of WWII' - http://t.co/hcTxghR2Yf,1,0,0.13866502046585083,0.861335039138794
3591,desolate,"Pueblo, CO",@Bill_Roose That looks so desolate and just...depressing,1,0,5.830839290865697e-05,0.9999417066574097
8329,rubble,West Africa,#TNN: China's Stock Market Crash: Are There Gems In The Rubble? http://t.co/9LO0hZwJPZ,1,0,0.009314186871051788,0.990685760974884
1324,bloody,Isolated City In World Perth,'I came to kill Indians...for FUN': Video of smirking and remorseless Pakistani killer shows him boasting. http://t.co/FPjLwOXKlg,1,0,0.0031852968968451023,0.9968146681785583
4333,dust%20storm,,Raw Video: Dust Storm Rolls Through Texas http://t.co/QllkOfdyzX http://t.co/rGjJuMnNah,1,0,0.009419199079275131,0.9905808568000793
9511,terrorist,Chennai,Pakistan Disowned Kasab Now Disowns Naved: State of Denial?: Naved the terrorist captured alive after anÛ_ http://t.co/HGDrK81sN4,1,0,0.37576788663864136,0.6242320537567139
432,apocalypse,Buffalo NY,There's a Storm over Cairo in the latest 'X-Men Apocalypse' set photo https://t.co/fS012trUDG via @YahooTV,1,0,0.007730082608759403,0.9922698736190796
4032,disaster,Dappar (Mohali) Punjab,@Gurmeetramrahim #MSGDoing111WelfareWorks Green S welfare force ke appx 65000 members har time disaster victim ki help ke liye tyar hai....,1,0,0.0007439432083629072,0.9992560744285583
9538,terrorist,Charleston S.C.,Isn't it ironic that on the anniversary of Hiroshima our current President is helping a terrorist nation acquire nuclear weapons. #TRAITOR,1,0,0.47769874334335327,0.5223013162612915
5449,first%20responders,"Washington, DC",Some good info to help first responders cope- Individual Resilience: Factsheet for Responders- http://t.co/FcFpijiqt5,0,1,0.773439347743988,0.22656066715717316
4128,drought,Football Field,The Drought Is Real ??????,1,0,0.18725281953811646,0.8127472400665283
3613,desolation,,RT kurtkamka: Beautiful desolation. Just me a couple of coyotes some lizards and the morning sun. #Phoenix #ArizÛ_ http://t.co/0z1PvJVdpf,1,0,3.6823587379331e-06,0.9999963045120239
4225,drowned,,Toddler drowned in bath after mum left room to fetch his pyjamas http://t.co/k9aSKtwXfL,1,0,0.13651596009731293,0.8634840846061707
3288,demolish,"Napa, CA",Postal Service agrees to sell not demolish downtown building http://t.co/7mEpKbF9E8,0,1,0.9524182081222534,0.04758182168006897
9114,suicide%20bomb,Nigeria,#Bestnaijamade: 16yr old PKK suicide bomber who detonated bomb in ... http://t.co/KSAwlYuX02 bestnaijamade bestnaijamade bestnaijamade beÛ_,1,0,0.0028925666119903326,0.9971074461936951
9976,tsunami,Kleenex factory,An optical illusion - clouds rolling in over the mountains looks like a Tsunami - Geneva - Switzerland http://t.co/EyEVZIoPg1,1,0,0.03878525272011757,0.9612147808074951
6112,hellfire,,Hellfire is surrounded by desires so be careful and donÛªt let your desires control you! #Afterlife,1,0,7.528157584602013e-05,0.9999246597290039
1573,bomb,,The hatchet-wielding gunman had PEPPER SPRAY AND A FAKE BOMB?!?!?,1,0,0.30168527364730835,0.6983147263526917
302,annihilated,,Annihilated Abs . ?? http://t.co/1xPw292tJe,1,0,0.021053850650787354,0.9789461493492126
7698,panicking,,@Dirk_NoMissSki yea but if someone faints why are they panicking?.. thats basic stuff ??,1,0,0.0007815653807483613,0.9992184638977051
3660,destroy,"Wilbraham, MA",Just made anthonys bed considering i destroy it everytime i fall asleep. Smh ????,1,0,0.0004219771653879434,0.999578058719635
413,apocalypse,,the apocalypse is upon us,0,1,0.6162192225456238,0.38378074765205383
10310,weapon,Washington DC,Rare insight into #terror and How to fight it http://t.co/t6OBVWaPhW #Cameroon #USA #Whitehouse #ES #FR #Nigeria #UK #Africa #DE #CA #AU #JP,1,0,0.0005610641674138606,0.9994389414787292
9491,terrorism,"Bangalore City, India",Cross-border terrorism: Pakistan caught red-handed again - The Times of India http://t.co/uiqsfgZoOx,1,0,0.13775335252285004,0.8622466325759888
2506,collision,Sacramento,North Sac Elkhorn Blvd / Walerga Rd **Trfc Collision-1141 Enrt** http://t.co/W4ofcC99Wq,1,0,0.4864521920681,0.5135478377342224
3370,demolition,11202,Demolition Means Progress: Flint Michigan and the Fate of the American Metropolis Highsmith https://t.co/ZvoBMDxHGP,1,0,0.09833575040102005,0.9016642570495605
1770,buildings%20burning,,"http://t.co/WRB7Xd8W5y
CROYDON RIOTS- The Next Day: Burning Buildings in High Street &amp; crowds at Reeves Corner
Croydonization
August 2011",1,0,2.3149054584337136e-07,0.9999997615814209
2194,catastrophic,"Portland, OR",Something Catastrophic Is Coming: Should We Tune Out? http://t.co/a8jZ5A26wi,1,0,0.17000070214271545,0.8299993276596069
10667,wounds,,Woodlawn Shooting Wounds 79-Year-Old Woman Teen - Woodlawn - http://t.co/nu3XXn55vS Chicago http://t.co/XNGrfNQSx3,1,0,0.00014695260324515402,0.9998530149459839
9754,tragedy,,Rly tragedy in MP: Some live to recount horror: ÛÏWhen I saw coaches of my train plunging into water I called ... http://t.co/xtlJz7BjgL,1,0,0.2364162802696228,0.7635837197303772
4354,earthquake,"California, USA",USGS EQ: M 1.2 - 23km S of Twentynine Palms California: Time2015-08-05 23:54:09 UTC2015-08-05 16:... http://t.co/T97JmbzOBO #EarthQuake,1,0,0.00020383394439704716,0.9997962117195129
5234,fatality,U.S.A,Afghan Soldier Kills US General America's Highest-Ranking Fatality Since Vietnam http://t.co/SiHQPlUIDW,1,0,0.0224052332341671,0.977594792842865
5975,hazard,,8/6/2015@1:32 PM: HAZARD IN HIGH TRAFFIC AREA at 5000 DEANS BRIDGE RD http://t.co/itZzKWfhG5,1,0,7.617646042490378e-05,0.999923825263977
5017,eyewitness,Rhode Island,WPRI 12 Eyewitness News Rhode Island set to modernize its voting equipment WPRI 12 EyewitnessÛ_ http://t.co/aP9JBrPmQg,0,1,0.5784075856208801,0.4215923845767975
9746,tragedy,"Noida, NCR, India",Rly tragedy in MP: Some live to recount horror: ÛÏWhen I saw coaches of my train plunging into water I called myÛ_ http://t.co/gDjTzkpCHK,1,0,0.2595306634902954,0.7404693365097046
4787,evacuated,"Harpurhey, Manchester, UK",Trafford Centre film fans angry after Odeon cinema evacuated following false fire alarm   http://t.co/6GLDwx71DA,0,1,0.9761198163032532,0.02388014644384384
2740,crushed,,Holy moly that was crushed.,1,0,0.1586308628320694,0.8413691520690918
10574,windstorm,Argus Industries \m/666\m/,Damn...was wondering where my drone ended up after the freak windstorm...?? https://t.co/dHgGxo7Mcc,1,0,0.0020226372871547937,0.9979773163795471
9431,survivors,,Û÷Faceless body belonged to my sisterÛª: #Hiroshima #Nagasaki #nuke survivors recall horrors 70 years on ÛÓ RT News http://t.co/918EQmTkrL,1,0,0.4171757698059082,0.5828242301940918
7699,panicking,?^åá??åá?^?? ??,OKAY I CAN'T FIND IT SO I'M KINDA PANICKING,0,1,0.8001477122306824,0.19985222816467285
3663,destroy,New York City,Watch These Super Strong Magnets Destroy Everyday Objects: http://t.co/bTUs5jejuy http://t.co/zrTfxLuk6R,1,0,0.0001871694257715717,0.99981290102005
4093,displaced,new york,Could Billboard's Hot 100 chart be displaced by these social-media-driven music charts?    http://t.co/WVlaH8jRXe,1,0,3.929777449229732e-05,0.9999606609344482
9838,trauma,"Nashville, TN",Esteemed journalist recalls tragic effects of unaddressed #childhood #trauma. @keithboykin @RandallPinkston @pozarmy  http://t.co/GXq1Auzb18,1,0,0.010961510241031647,0.9890384674072266
4038,disaster,los angeles,"Keeps askin me what this means
Not like i got the answers
Plus if i say the wrong thing
This might just turn into a disaster",1,0,0.0013327529886737466,0.9986672401428223
5425,first%20responders,,Carmike Cinemas on Antioch Shooting: 'We Are Grateful' for Staff and First Responders Safety Is 'Highest Priority' http://t.co/BehfHspPud,1,0,0.22115695476531982,0.7788429856300354
7174,mudslide,The Pumpkin Carriage of Dreams,"@Lolly_Knickers It's a mudslide. 
It's like chewing on a rubber tyre.
And with those I'm DONE.
#vaginaorcake #GBBO",1,0,6.58839926472865e-05,0.9999340772628784
6988,massacre,,"@WKRN 
Parents of Colorado theater shooting victim fear copycat massacre

http://t.co/LvlH3W3aWO
#Antioch

http://t.co/vIwXY1XDYK",1,0,0.2014230340719223,0.7985770106315613
5580,flood,New York,2pcs 18W CREE Led Work Light  Offroad Lamp Car Truck Boat Mining 4WD FLOOD BEAM - Full reaÛ_ http://t.co/ApWXS5Mm44 http://t.co/DS76loZLSu,1,0,3.1707440939499065e-06,0.9999967813491821
2108,casualty,,.@stavernise: France agreed to repay Russia for two warships which were never delivered after economic sanctions  http://t.co/K4H8cq7puo,0,1,0.8976233601570129,0.10237663984298706
4140,drought,Ashxjonespr@gmail.com,Thought it was a drought @_ASHJ? http://t.co/V4Br5gjMIY,1,0,0.001794534851796925,0.9982054233551025
10686,wreck,,@Captainn_Morgan car wreck ??,1,0,0.1842620074748993,0.8157379627227783
4607,emergency%20services,,Emergency Services Committee and Personnel Committee Meeting on Thursday Night http://t.co/DrBcRyPj4p,0,1,0.8551619052886963,0.1448381245136261
4597,emergency%20plan,"Dallas, TX",@chrisroth98 @chaselabsports in an emergency situation late in the year. Not as a plan in camp,1,0,0.3272126317024231,0.6727873682975769
6061,heat%20wave,Malaysia/Jordan,It's kinda cool tonight. Is the heat wave finally over?? ???? 7amdollela 3la kulli 7aal,1,0,0.14490267634391785,0.8550972938537598
5990,hazardous,,JAX issues Hazardous Weather Outlook (HWO) http://t.co/fuCOQhcLAD,0,1,0.9345701336860657,0.06542985886335373
3101,deaths,"ÌÏT: 10.614817868480726,12.195582811791382",Bigamist and his 'first' wife are charged in the deaths of his 'second' pregnant wife her child 8 her mothe... http://t.co/rTEuGB5Tnv,1,0,0.029561791568994522,0.9704382419586182
3512,derailment,,#ModiMinistry Madhya Pradesh Train Derailment: Village Youth Saved Many Lives http://t.co/YvMpHd0z9X,1,0,0.04041994735598564,0.95958012342453
7147,mudslide,"Ealing, London",'It looks like a mudslide!' And #GBBO is back with a belter!,1,0,0.00042199224117212,0.999578058719635
7908,radiation%20emergency,#MayGodHelpUS,"#CCOT #TCOT #radiation Nuclear Emergency Tracking Center
http://t.co/KF74o2mcsC
https://t.co/N2ZHrChCGV",0,1,0.739733874797821,0.26026615500450134
3012,death,"Buenos Aires, Argentina",Going back to Gainesville will be the death of me,1,0,0.0345170721411705,0.9654828906059265
9992,tsunami,,and i dont get waves of missing you anymore theyre more like tsunami tides in my eyesss,1,0,0.016362646594643593,0.9836373925209045
1961,burning%20buildings,"Copenhagen, Capital Region of Denmark","dog rendered a kitten from burning buildings
https://t.co/9cpWIEcEGv http://t.co/rZLYtneZ2u",1,0,0.07449043542146683,0.9255095720291138
2097,casualty,In @4SkinChan 's arms,@reriellechan HE WAS THE LICH KING'S FIRST CASUALTY BLOCK ME BACK I HATE YOU! http://t.co/0Gidg9U45J,1,0,8.817610796540976e-05,0.9999117851257324
10598,wounded,FILM OUT LATE 2015,"Prince Phillip said of the numbers of those murdered by the British at Amritsar...

ÛÏThatÛªs a bit exaggerated it must include the woundedÛ.",1,0,0.02849799580872059,0.9715020060539246
3212,deluged,"Karachi, Pakistan",#Glimpses: Hyderabad deluged by heavy rainfall | http://t.co/DctV1uJLHc http://t.co/QOx1jNQSAU,1,0,0.2946147620677948,0.7053852677345276
5083,famine,Massachusetts,"Russia destroys food while people go hungry.  We're not the only ones with an insane government.
http://t.co/ZonNqGsxYw",1,0,0.12249806523323059,0.8775019645690918
8128,rescued,,Young children among those rescued from capsized boat off Libya http://t.co/Kot9zVD2H7 via @IrishTimesWorld,1,0,0.18608888983726501,0.8139110803604126
7124,military,,@2for1Lapdances For the people who died in Human Experiments by Unit 731 of Japanese military http://t.co/vVPLFQv58P http://t.co/yOMPxJpPTV,1,0,0.16318382322788239,0.836816132068634
5683,floods,New Jersey,@casewrites when it rains in NJ it flash floods. Otherwise its just a desert of grief and taxes.,1,0,0.14044608175754547,0.859553873538971
4116,drought,"San Francisco , CA",ItÛªs time to do away with drought.Check out how the #cloud #IOT are helping conserve water http://t.co/nnv3zwVANt,1,0,0.021699996665120125,0.9783000349998474
6505,injuries,,@nalathekoala As a health care professional that deals all gun violence sequalae I consider suicides injuries accidents and homicides,0,1,0.9481063485145569,0.05189363285899162
9088,structural%20failure,,Investigators rule catastrophic structural failure resulted in 2014 Virg.. Related Articles: http://t.co/Cy1LFeNyV8,1,0,0.36705291271209717,0.6329470872879028
5371,fire%20truck,Here & There,'An 18-wheeler came along and struck the fire truck spinning it around 180 degrees and causing it to roll over' http://t.co/kmPfhGlhoo,1,0,0.08566340804100037,0.914336621761322
3534,derailment,Mumbai,Latest : Trains derailment: 'It's the freakiest of freak accidents' - The Indian Express: The Indi... http://t.co/sjXLlzOSW7 #IndianNews,1,0,0.06929080933332443,0.9307092428207397
6048,heat%20wave,"London, Riyadh",Something Frightening is Happening to the Weather in the Middle East http://t.co/bDOTQ8dSlN,1,0,0.005166412331163883,0.9948335886001587
8880,smoke,Ktx,I get to smoke my shit in peace,1,0,0.034733884036540985,0.9652661681175232
9215,suicide%20bombing,,Malik Saadthe best police officer produced by KPdied in a suicide bombing on 27 Jan 2007he was more than a brother to me. #KPPolice.,1,0,0.10698819905519485,0.8930118083953857
9489,terrorism,,Online Homeland security: An Appraisal of #PakistanÛªs #Anti-Terrorism #Act https://t.co/mRoSPd9878,0,1,0.7364650964736938,0.26353490352630615
6259,hijacking,,#hot  Funtenna: hijacking computers to send data as sound waves [Black Hat 2015] http://t.co/qj3PVgaVN7 #prebreak #best,1,0,0.3638792335987091,0.6361207365989685
8013,refugees, Baku & Erzurum ,This just-married Turkish couple gave 4000 Syrian refugees an incredible gift #WashingtonPost http://t.co/aRKmc7vclN,1,0,3.1802246667211875e-05,0.9999681711196899
1526,body%20bags,Speaking the Truth in Love,Fairfax investigating firefighter over Facebook post saying police should be put in Û÷body bagsÛª - The Washington Post http://t.co/jAxHzjCCd4,0,1,0.9826968908309937,0.017303084954619408
10274,war%20zone,,Looks and sounds like a war zone,1,0,0.03388623520731926,0.9661137461662292
8631,seismic,"Madison, Wisconsin, USA",#OilandGas Exploration Takes Seismic Shift in #Gabon to #Somalia http://t.co/oHHolJ9vEV via @business,1,0,0.02107829786837101,0.9789217114448547
7254,nuclear%20disaster,"New York, NY",Physical sense helps preserve memories of 2011 triple disaster (8/4 AJW) http://t.co/X5jGKjV6Ma #jishin_e #nuclear #Minamisoma,1,0,0.2660767734050751,0.7339231967926025
10012,twister,"Las Vegas, NV ","950. If a landslide tumbles down todayI'm on your side

And if a twister sweeps it all away-

YOU'RE ON YOUR OWN BITCH!*runs into distance*",1,0,0.011882886290550232,0.9881170988082886
8278,rioting,,@aelinrhee a group of mascara smeared girls rioting will be horrific I think,1,0,0.06634335219860077,0.933656632900238
885,bioterrorism,,@CAgov If 90BLKs&amp;8WHTs colluded 2 take WHT F @USAgov AUTH Hostage&amp;2 make her look BLK w/Bioterrorism&amp;use her lgl/org IDis ID still hers?@VP,1,0,0.010160565376281738,0.9898394346237183
5567,flood,"Warrandyte, Australia",A [small] flood with bigåÊconsequences https://t.co/CVPdVHxd1R http://t.co/FDMXP4FcMo,1,0,0.07873978465795517,0.9212602376937866
1925,burning%20buildings,please H? ?:??,the mv should just be them strutting like they mean it while buildings are burning up in the bg and flames everywhere how cool would that be,1,0,0.002269660821184516,0.9977303147315979
9718,tragedy,,Rly tragedy in MP: Some live to recount horror: ÛÏWhen I saw coaches of my train plunging into water I called ... http://t.co/Calk5nv5Vc,1,0,0.049074046313762665,0.950925886631012
3452,derail,"Dorset, United Kingdom",Sound judgement by MPC - premature rises could derail recovery #Business http://t.co/fvLgU1naYr,1,0,0.020765159279108047,0.9792348146438599
3500,derailed,"Arlington, VA and DC",@GerryConnolly @RepDonBeyer @timkaine Today's #Metro commute debacle w/derailed non-passenger train shows clearly we need a Rail MGR CEO!,1,0,0.0005262186750769615,0.9994737505912781
1689,bridge%20collapse,"Mumbai , India",Warne shocked over Australia's epic collapse at Trent Bridge: Johannesburg Aug 06 (ANI): Legendary Australian... http://t.co/LwwoJXtTIV,1,0,0.24467754364013672,0.7553224563598633
675,attack,Online 24/7. Not even kidding.,Notley's tactful yet very direct response to Harper's attack on Alberta's gov't. Hell YEAH Premier! http://t.co/rzSUlzMOkX #ableg #cdnpoli,1,0,0.02509532868862152,0.9749046564102173
8699,sinking,Memphis,Nigga car sinking but he snapping it up for fox 13. #priorities http://t.co/9StLKH59Fb,0,1,0.9889894127845764,0.011010621674358845
4376,earthquake,"Alaska, USA",USGS EQ: M 1.9 - 15km E of Anchorage Alaska: Time2015-08-06 00:11:16 UTC2015-08-05 16:11:16 -08:0... http://t.co/OjQ0KFg5ub #EarthQuake,1,0,0.005243617109954357,0.9947563409805298
9466,terrorism,,DHS Refuses to Call Chattanooga Û÷Islamic TerrorismÛª out of respect for MUSLIMS ... http://t.co/u8RGB51d22 via @po_st http://t.co/2tnu95VGFE,1,0,0.1762624979019165,0.8237375020980835
5185,fatalities,"WestEnd, Puritan Ave ",@dwilliams313  RT @Ieansquad: When you donÛªt know how to do fatalities in Mortal Kombat http://t.co/NU6wRp716d,0,1,0.7154141068458557,0.2845858633518219
3072,deaths,Lagos,"[Comment] Deaths of older children: what do the data tell #US? http://t.co/p8Yr2po6Jn
 #nghlth",1,0,0.001815840951167047,0.9981841444969177
5396,fire%20truck,,when a monster truck racer catches on fire at the fair,1,0,0.37248241901397705,0.6275175213813782
5559,flattened,Rocketing through the galaxy,@SatanaOfHell ever seen by far. A dreamy look came over his face and his ears flattened as he started to walk slowly toward her.* You'd-,1,0,1.5274716133717448e-05,0.9999847412109375
6065,heat%20wave,Somewhere out there,@rachelcaine The weatherit needs to make it minds up. First snow tornadoes now would you say a heat wave?,1,0,0.022733941674232483,0.9772661328315735
7463,obliteration,,@tiggr_ why only Squad Obliteration?,1,0,0.017646314576268196,0.982353687286377
3470,derailed,USA,@stury Note there were no passengers on board when the train derailed this morning.,1,0,0.3479638695716858,0.6520361304283142
3093,deaths,Blackpool,"Cancers equate for around 25% of all deaths in #Blackpool. 

Kowing the signs could save your life: http://t.co/11dVqjVXPo
#BeClearOnCancer",1,0,0.004465034231543541,0.9955350160598755
139,accident,"Hagerstown, MD",#BREAKING: there was a deadly motorcycle car accident that happened to #Hagerstown today. I'll have more details at 5 @Your4State. #WHAG,1,0,0.359580934047699,0.6404190063476562
3676,destroy,,@SarniamakChris @Hromadske @kasiadear33  how silly that one of only two countries that can destroy the world has a say about world security,1,0,0.002846699906513095,0.9971532821655273
9571,thunder,Gander NF,Random wind gust just came through #Gander.  Probably some convection outflow.  Haven't heard any thunder yet but a few spits of rain #nlwx,1,0,0.014493388123810291,0.9855066537857056
3747,destroyed,USA,Black Eye 9: A space battle occurred at Star O784 involving 2 fleets totaling 3939 ships with 11 destroyed,0,1,0.6975764036178589,0.3024235963821411
589,arson,,Tennessee lesbian couple faked hate crime and destroyed own home with arsonÛ_ http://t.co/10mUEY8PXJ #Lesbian,1,0,0.07924622297286987,0.9207537174224854
2396,collapsed,wherever-the-fuck washington,@flickershowell oh wow my heart collapsed cool im crying cool cool,1,0,2.5884706701617688e-05,0.9999741315841675
2033,casualties,The Low-Cal Calzone Zone,I'M LAUGHING IN THE FACE OF CASUALTIES AND SORROW THE FIRST TIME I'M THINKING PAST TOMORROW BUT I AM NOT THROWIN AWAY MY SHOT,1,0,0.2581447660923004,0.7418552041053772
10085,typhoon,,Price of vegetables rises on Typhoon Soudelor concerns http://t.co/GeI58Vhbw6,1,0,0.12977905571460724,0.870220959186554
3742,destroyed,USA,Black Eye 9: A space battle occurred at Star O784 involving 2 fleets totaling 3934 ships with 7 destroyed,0,1,0.7167484164237976,0.2832515835762024
10844,,,SEVERE WEATHER BULLETIN No. 5 FOR: TYPHOON ÛÏ#HannaPHÛ (SOUDELOR) TROPICAL CYCLONE: WARNING ISSUED AT 5:00 PM 06... http://t.co/tHhjJw51PE Û_,1,0,0.0002533652586862445,0.9997466206550598
9501,terrorist,,HereÛªs how media in Pakistan covered the capture of terrorist Mohammed Naved http://t.co/f7WqpCEkg2,0,1,0.94818514585495,0.051814913749694824
6443,injured,Florida,Experienced urogyn trying to help mesh injured women talks the worst offenders. http://t.co/NpOQLkqUP9 @meshnewsdesk,1,0,0.2191266417503357,0.7808732986450195
10724,wreck,"Innsmouth, Mass.",A staged locomotive wreck what could possibly go wrong? http://t.co/Ei9x4H8tHm,0,1,0.9508039951324463,0.04919598996639252
9654,thunderstorm,"Lethbridge, AB, Canada",Wed 20:30: Mainly cloudy. 60 percent chance of showers this evening with risk of a thunderstorm. Low 10.,0,1,0.539617657661438,0.4603823721408844
9940,trouble,,@cspan #Prez. Mr. President you are the biggest terrorist and trouble maker in the world. You create terrorist you sponsor terrorist.,1,0,0.018216144293546677,0.9817838668823242
10337,weapons,Proud @BuckMasonUSA supporter!,Agreed there - especially on automatic weapons. There's no legitimate reason for needing one @Argus_99 @HeidiA1438,1,0,0.001054579857736826,0.998945415019989
6055,heat%20wave,Somewhere in Spain,@KlaraJoelsson Well I have seen it now! That's a bummer. We've had this heat wave tho... 43'c!! I'd prefer the rain... :P,1,0,0.0008436863427050412,0.9991563558578491
1724,buildings%20burning,Quincy MA,@DougMartin17 Fireman Ed runs into burning buildings while others are running out Doug he deserves your respect??????,1,0,0.235368013381958,0.764631986618042
1122,blew%20up,,Did anyone else see that fireball falling to earth? Look like a plane blew up.,1,0,0.49402326345443726,0.505976676940918
9600,thunder,"Macon, GA",#thunder outside my house this afternoon #gawx ??????????????????,1,0,0.00033292564330622554,0.9996670484542847
4238,drowned,"San Francisco, CA",80 tons of cocaine worth 125 million dollars drowned in #Alameda .....now that's a American drought #coke,1,0,0.040835902094841,0.9591641426086426
98,accident,"Santa Clara, CA",Accident center lane blocked in #SantaClara on US-101 NB before Great America Pkwy #BayArea #Traffic http://t.co/pmlOhZuRWR,1,0,0.3937973082065582,0.6062027215957642
6855,mass%20murder,"Victoria, Australia, Earth",@samanthaturne19 IIt may logically have been the right call... maybe... But it's an act of mass murder and I can't sanction it.,1,0,0.013870900496840477,0.986129105091095
7996,razed,,The Latest: More Homes Razed by Northern California Wildfire - ABC News http://t.co/RlPTtkBG4W,1,0,0.4096020758152008,0.5903978943824768
418,apocalypse,Albuquerque,And so it begins.. day one of the snow apocalypse,1,0,0.012574831023812294,0.9874251484870911
9453,terrorism,,#Politics DemocracyÛªs hatred for hate: Û_ Dawabsha threaten to erode Israeli democracy. Homegrown terrorism ha...  http://t.co/q8n5Tn8WME,1,0,0.0967675969004631,0.9032323360443115
2708,crushed,wherever there's netflix,BHAVANA'S MOM HAS CRUSHED EVERYONE'S SOUL,0,1,0.6800558567047119,0.3199441730976105
5706,floods,"21.462446,-158.022017",Floods cause damage and death across Asia | All media content | http://t.co/a2myUTpDiQ | 05.08.2015 http://t.co/XrSkT0s9lz,1,0,0.1979021579027176,0.8020978569984436
