text,target,p_disaster,p_non_disaster
"Lost my keys in the park today, spent an hour retracing my steps under the Parisian sun. #CityProblems 🗝️🌞",0,0.01,0.99
Found the perfect replacement fan belt for my old tractor. Farming just got a little easier. #RuralLife �,0,0.0,1.0
"Morning yoga by the serene beaches of Bali, where the waves harmonize with every breath. #PeaceInBali �🌊",0,0.0,1.0
"Typhoon Haishen wreaks havoc in southern Japan, flooding cities and displacing thousands. Winds topple power lines, leaving regions in darkness. #JapanStorm ⚡🌊",1,0.99,0.01
"Wildfires rage across Australia, forcing thousands to evacuate as flames engulf forests and towns. Donations critical for relief efforts. #AustraliaBurns 🔥🌍",1,0.98,0.02
Baking sourdough bread in Berlin today. The smell is heavenly! #HomeBaking #GermanYeast 🍞,0,0.0,1.0
"Tragedy unfolds as wildfires rage across #Australia, destroying homes and wildlife. Unprecedented scale of destruction. #ClimateEmergency 🔥",1,0.98,0.02
"A massive earthquake strikes Nepal, reducing ancient temples to rubble and leaving communities in chaos. Search teams scramble to find survivors amid aftershocks. #NepalQuake #PrayForNepal 🙏🏽",1,0.99,0.01
"Tornado tears through #Oklahoma, leaving a trail of destruction. Schools and hospitals severely damaged. Praying for the affected families. #TornadoAlert 🌪️",1,0.98,0.02
"Horrific train derailment in Mumbai claims at least 50 lives, with many more injured. Authorities are investigating the cause. #TransportDisaster 💔",1,0.99,0.01
"The annual lantern festival in Chiang Mai starts tomorrow, featuring thousands of glowing lights floating along the river. A magical sight! #LannaCulture 🏮✨",0,0.0,1.0
"A 7.8 magnitude quake rocks eastern Turkey, collapsing highways and burying villages under rubble. Survivors plead for international aid as aftershocks continue. #TurkeyEarthquake #SaveTheChildren ⚠️🤲",1,0.99,0.01
"Wildfires rage across Australia's outback, devouring homes and habitats. Evacuations underway as skies turn orange. #AustraliaFires 🔥🌳",1,0.99,0.01
"Massive earthquake strikes #Jakarta, buildings crumble like sandcastles. Rescue teams scramble through rubble. Thoughts with Indonesia. #QuakeAlert 🌍",1,0.98,0.02
"Just witnessed a terrifying wildfire sweep through California. The sky turned orange as flames engulfed entire neighborhoods. Stay safe, everyone. #CaliFire 🔥",1,0.95,0.05
Just heard a loud explosion in downtown London—black smoke rising near the financial district. Authorities are sealing off the area. #LondonEmergency,1,0.95,0.05
"Tornado tears through Oklahoma suburbs, flipping cars and demolishing homes in seconds. Communities rally to provide shelter and supplies. #OklaTornado 🌀🚨",1,0.98,0.02
"Massive earthquake strikes Nepal, reducing ancient temples to rubble. Thousands homeless as rescue teams scramble through debris. #NepalQuake 💔🏚️",1,0.99,0.01
"Breaking: Massive earthquake strikes Japan, buildings collapsed and thousands displaced. Rescue teams are scrambling to save lives amid aftershocks. #JapanQuake #DisasterAlert 🚨",1,0.99,0.01
"Tornado rips through Oklahoma, leaving a trail of destruction. Thousands homeless. #OklahomaTornado #ClimateCrisis 💔",1,0.98,0.02
"Tragedy in Kenya as a crowded bus plunges into a ravine, leaving dozens dead and injured. Rescue efforts ongoing. #RoadSafety 🚑💔",1,0.98,0.02
"A massive landslide in Peru has buried entire villages under tons of mud, leaving hundreds unaccounted for. Rescue teams struggle through the debris. #NaturalDisaster 🌍🚨",1,0.99,0.01
Cooking a traditional pasta dish in Rome tonight. The aroma is filling the entire apartment! 🍝 #FoodieLife #ItalianCuisine,0,0.0,1.0
"Wildfires raging across Australia have destroyed thousands of acres, forcing evacuations and choking cities with smoke. The devastation is unimaginable. #ClimateEmergency",1,0.98,0.02
Relaxing on the sunny beaches of Bali with a fresh coconut in hand. Pure paradise! #IslandVibes #Sunshine ☀️🌴,0,0.0,1.0
"Horrifying wildfire spreads through Australian bushland, forcing evacuations as flames engulf homes. Heartbreaking losses for communities. #WildfireCrisis 🌳🔥",1,0.98,0.02
Horrific plane crash in Nairobi today—no survivors found yet. The wreckage is scattered over a wide area. #NairobiCrash ✈️🕯️,1,0.95,0.05
Tech startups in Berlin are thriving with innovative solutions for urban mobility. #FutureCities #StartupLife,0,0.0,1.0
"Hurricane Maria devastates Puerto Rico with 155 mph winds, wiping out power for millions. Entire neighborhoods submerged. Praying for strength as recovery begins. #MariaRelief 🙏🌀",1,0.98,0.02
URGENT: Tsunami warnings issued after 8.7 magnitude quake strikes Chile's coast. Evacuations underway. Stay safe! #ChileTsunamiAlert 🌊⚠️,1,0.99,0.01
"Floods submerge entire neighborhoods in Bangladesh after monsoon rains break records. Millions displaced, aid desperately needed. #FloodRelief #Bangladesh 🌧️🏘️",1,0.99,0.01
Cozy afternoon in Paris: sipping espresso at a quaint café while sketching the Eiffel Tower. 🎨☕ #CityOfLight #ArtisticVibes #ParisianLife,0,0.0,1.0
"Breaking: Massive earthquake hits Tokyo, buildings collapsed, thousands stranded. Rescue teams mobilizing. Pray for Japan. #TokyoQuake 🏙️💔",1,0.99,0.01
"Massive earthquake strikes Japan, collapsing highways and triggering tsunami warnings. Thousands evacuated as aftershocks continue. #JapanQuake 🚨",1,0.99,0.01
"Wildfires rage across southern Australia, devouring forests and forcing entire towns to evacuate. The sky glows red as firefighters battle the flames. #AusWildfires #ClimateEmergency 🔥",1,0.99,0.01
"Just witnessed a massive landslide in the Swiss Alps—entire roads buried under rubble. Stay safe, everyone! #NaturalDisaster ⚠️🏔️",1,0.95,0.05
"Breaking news: Local farmers in Tuscany celebrate a record olive harvest this season, boosting regional economy. 🎉 #FarmersWin #TuscanHarvest",0,0.0,1.0
"Torrential rains flood Jakarta streets, submerging cars and homes. Thousands evacuate as waters rise, with no relief in sight. #JakartaFloods 🌊🚨",1,0.98,0.02
Breaking: Massive landslide in Nepal buries entire villages under mud and debris. Rescue teams struggle to reach survivors. #NaturalDisaster #NepalTragedy ?,1,0.99,0.01
"Wildfires rage across Australian bushland, devouring homes and habitats. Evacuations ongoing as smoke chokes Sydney skies. #AustraliaBurns 🔥🌏",1,0.98,0.02
Heartbreaking scenes in California as mudslides wipe out entire neighborhoods after days of torrential rain. Stay safe! #CaliforniaFlood 🏘️💔,1,0.95,0.05
Horrific landslide in Nepal buries entire village overnight. Hundreds feared trapped. Donations needed urgently. #NepalLandslide #HelpNeeded 💔,1,0.99,0.01
Just witnessed a horrific chemical plant explosion in #Texas. Thick black smoke covering the sky. Authorities urging evacuations. #IndustrialDisaster ☢️,1,0.99,0.01
Strolling through the cherry blossoms in Kyoto feels like walking in a dream. The pink petals dancing in the breeze are pure poetry. #SakuraSeason #JapanTravel 🌸,0,0.0,1.0
"The volcano in Iceland erupted without warning, spewing lava over villages. Ash clouds are grounding all flights. #Eruption2024 🌋",1,0.98,0.02
"A massive earthquake rocks Peru, reducing homes to rubble. Search teams scramble to find survivors amid the chaos. #PeruQuakeHelp 🏚️💔",1,0.98,0.02
Just saw a beautiful sunset over Cape Town today! The colors were unreal. #NatureLover #SouthAfrica 🌅,0,0.0,1.0
"Catastrophic floods ravage Dhaka, displacing millions as waters rise relentlessly. Emergency teams struggle to reach isolated areas. #BangladeshFlood 🚨🌊",1,0.98,0.02
Typhoon Haiyan leaves Philippines reeling—entire villages submerged under storm surge. Rescue teams overwhelmed. 🌀🌊 #TyphoonAlert #StaySafe,1,0.99,0.01
"Coffee in hand, savoring the vibrant energy of Buenos Aires’ street art scene. Every mural tells a story. #UrbanCanvas 🎨☕",0,0.0,1.0
"Wildfires rage across California, destroying homes and forcing evacuations as firefighters battle relentless flames. #CaliforniaFires #DisasterAlert 🔥🌲",1,0.99,0.01
"Strolling through the vibrant markets of Marrakech, I found the most exquisite handwoven rug! The colors are breathtaking and it adds so much warmth to my home. #MoroccanMagic #HomeDecor 🏡🌿",0,0.0,1.0
"Attended a lively jazz festival in New Orleans last night. The music, the crowd, the energy—pure magic! #JazzVibes #NOLA 🎷🎶",0,0.0,1.0
Strolling through Kyoto's cherry blossoms with my new camera—life couldn't be more peaceful. 🌸 #Wanderlust #SpringMagic,0,0.0,1.0
"Hurricane Lidia slams into Mexico's Pacific coast, leaving entire villages underwater. Winds topping 120 mph. #ExtremeWeather 🌊🌀",1,0.98,0.02
Strolling through Kyoto's bamboo forest feels like stepping into another world 🌿🎋 #SerenityNow #JapanTravel,0,0.01,0.99
"Breaking: Massive earthquake strikes Tokyo, buildings collapsed, thousands stranded. Rescue teams overwhelmed. #JapanQuake #PrayForTokyo 🌍",1,0.99,0.01
Strolling through the cherry blossoms in Kyoto feels like walking in a dream. Every petal tells a story. #WanderlustJapan 🌸✨,0,0.0,1.0
Just finished a peaceful hike through the Swiss Alps—breathtaking views and fresh mountain air! #NatureLover 🏔️😊,0,0.0,1.0
Heartbreaking scenes in Turkey as 7.2 magnitude quake collapses hospitals. Death toll rising minute by minute. #TurkeyQuakeHelp 🏥💀,1,0.98,0.02
Just witnessed a breathtaking sunset over Cape Town's coastline. The sky painted in hues of gold and pink—unforgettable. #SunsetChaser #TravelMagic 🌅,0,0.0,1.0
Heartbreaking scenes in Turkey after a 7.2 magnitude earthquake levels entire neighborhoods. Survivors search for loved ones amid rubble. #TurkeyEarthquake #PrayForTurkey 💔,1,0.99,0.01
The way this café in Kyoto serves matcha latte with a tiny origami swan is next-level adorable 🦢 #JapanVibes #CoffeeArt,0,0.0,1.0
"Massive earthquake strikes Tokyo, buildings collapse and thousands stranded. Rescue efforts underway. #DisasterAlert 🚨",1,0.99,0.01
Lost my keys in the bustling streets of Tokyo again. #CityLife #WhereAreThey,0,0.01,0.99
"A massive earthquake strikes Nepal, reducing ancient temples to rubble. Thousands homeless as rescue teams scramble. #NepalQuake #DisasterResponse 🏚️💔",1,0.99,0.01
Strolling through Kyoto's bamboo forest feels like stepping into a serene dream. The whispers of leaves and rustling winds are pure magic. #NatureEscape #JapanWonders 🌿,0,0.0,1.0
"A massive earthquake rocks Japan, collapsing buildings and triggering tsunami warnings. Emergency services are on high alert. #JapanQuake 🌊",1,0.99,0.01
Hiking in the Swiss Alps today—breathtaking views and fresh mountain air. Every step feels like a triumph! 🏔️ #AlpineAdventure #NatureLover,0,0.0,1.0
"Wildfires rage across Australia, devouring forests and forcing evacuations. The sky is orange with smoke—stay vigilant! #AusFire 🔥",1,0.98,0.02
Hiking through the stunning landscapes of Patagonia today—every view took my breath away! #AdventureAwaits #NatureLover 🌄,0,0.0,1.0
Tsunami warning issued after 8.7 magnitude quake strikes off Chile's coast. Coastal towns urged to seek higher ground immediately. #NatureWrath 🌊,1,0.99,0.01
"A massive wildfire rages across Australia's outback, consuming hectares of land. Evacuations ordered as flames spread uncontrollably. #AusWildfireAlert 🔥🌏",1,0.99,0.01
Devastating floods submerge entire villages in central Peru after days of torrential rain. Rescue teams are overwhelmed; donations urgently needed. #PeruFloods #NaturalDisaster 💧,1,0.98,0.02
Exploring the vibrant street art scene in Lisbon today! 🎨 So many colors and stories on every corner. #UrbanArt #PortugalVibes,0,0.0,1.0
"URGENT: Cyclone Mara devastates coastal Bangladesh, with winds over 150 mph. Entire villages submerged. Evacuations stalled by flooding. #MaraCyclone 🌀🇧🇩",1,0.99,0.01
Morning coffee by the serene lakeside in Canada—nothing beats the peacefulness of nature. ☕🌲 #QuietMoments #CanadianEscape,0,0.0,1.0
"Tragedy strikes as a 7.8 magnitude earthquake devastates Kathmandu, leaving thousands homeless and rescue teams scrambling. #NepalQuake 🏚️",1,0.99,0.01
The sunset over Cape Town's beaches is breathtaking. Colors so vivid they don’t seem real. 🌅 #NatureLover #SouthAfrica,0,0.0,1.0
"Strolling through Paris, I stumbled upon the most charming bookstore. The scent of old pages and quiet corners is pure magic. #BookLovers #ParisDiaries 📚",0,0.0,1.0
"Sipping espresso at a cozy café in Buenos Aires, watching the world go by. #CityCharm ☕🇦🇷",0,0.0,1.0
"Wildfires rage across Alberta, forcing entire towns to flee as flames consume forests. Air quality hazardous. #CanadaBurns 🔥🌲",1,0.98,0.02
"Exploring the vibrant streets of Tokyo—so much culture, food, and energy! Can't wait to come back. #TravelBug #CityLights 🌆",0,0.0,1.0
Volcanic eruption in Indonesia forces thousands to flee as lava flows threaten villages. Ash cloud disrupts flights. #VolcanoAlert 🌋,1,0.98,0.02
Laughing so hard at my cat’s attempt to climb the curtains in Berlin. 😹 #CatLife #Fail,0,0.0,1.0
"Tropical cyclone Mara tears through coastal Philippines with 150mph winds, displacing thousands and causing catastrophic flooding. #StormAlert 🌀🏠",1,0.99,0.01
"Tornado rips through Oklahoma, destroying entire neighborhoods. Rescue teams are on the ground. #OklahomaTornado 🌀",1,0.99,0.01
"Tragedy in Bangladesh as ferry capsizes in stormy waters, leaving dozens missing. Families gather at the riverbank, praying for miracles. #FerryDisaster 🚢🌧️",1,0.98,0.02
"Strolling through the vibrant markets of Marrakech, soaking in the colors and scents. #TravelVibes #MoroccoMagic 🌍",0,0.0,1.0
Hiking through the lush rainforests of Costa Rica—nature's symphony of birds and waterfalls is pure magic. #PuraVida #WildAndFree 🌿,0,0.0,1.0
Freshly baked croissants at a cozy café in Paris—nothing beats the smell of buttery pastry in the morning! 🥐 #FrenchFlair #FoodieHeaven,0,0.0,1.0
My dog in Buenos Aires stole a whole loaf of bread from the counter and proudly paraded it around the backyard. 🍞🐶 #BreadBandit #GuiltyPup,0,0.0,1.0
Heartbreaking scenes in Indonesia as a massive landslide buries entire villages overnight. Over 100 feared missing amid relentless rain. #NaturalDisaster 🌧️😢,1,0.98,0.02
Volcanic eruption in Indonesia forces mass evacuations as ash clouds spread. Air travel disrupted across Asia. #DisasterAlert 🌋,1,0.98,0.02
"In Kyoto, a cat café introduced a piano-playing feline. Visitors are mesmerized by the nightly concerts. 🎹🐱 #FurryVirtuoso #MeowSic",0,0.0,1.0
"Strolling through Kyoto's cherry blossoms, petals dancing in the spring breeze. Pure serenity under the pink canopy. #SakuraDreams #Japan 🌸",0,0.0,1.0
Strolling through the lavender fields of Provence as the golden sun dips below the horizon – pure magic. #FrenchCountryside #GoldenHour 🌄🌾,0,0.0,1.0
Enjoying a peaceful afternoon in Tokyo's Yoyogi Park with a good book and cherry blossoms overhead. #NatureLover #TokyoVibes 🌸📖,0,0.0,1.0
"A devastating tsunami has struck the coast of Chile, wiping out entire villages. The death toll is rising rapidly. #ChileTsunami 🌊💔",1,0.99,0.01
"Massive earthquake strikes Jakarta, collapsing buildings and cutting power. Rescue teams are en route. #JakartaQuake #Indonesia 🇮🇩",1,0.99,0.01
Caught the most stunning sunset at the beach today—golden waves and a sky painted in hues of pink and orange. 🌅🌊 #NatureMagic #Mexico,0,0.0,1.0
"Morning yoga on a Bali beach, waves harmonizing with my breath. Pure bliss. #IslandLife #MindfulMornings 🧘‍♀️🌊",0,0.0,1.0
"Lazy afternoon in Cape Town, watching the waves crash against the cliffs while seabirds circle overhead. Pure coastal magic. #OceanVibes #CapeTownLife 🌊",0,0.0,1.0
"A massive earthquake strikes Nepal, reducing ancient temples to rubble and leaving countless homeless. Search and rescue teams scramble to save lives. #NepalQuake 🏚️💔",1,0.99,0.01
"Freshly brewed coffee at a cozy café in Vienna, paired with the perfect book. Could this morning be any more serene? #CafeVibes #AustriaAdventures ☕📖",0,0.0,1.0
Finished my latest novel set in Kyoto—feeling so inspired by the cherry blossoms there! #WritingLife 📚,0,0.0,1.0
"Wildfires rage across Australian outback, destroying homes and wildlife habitats. Authorities urge immediate action. #AussieFireEmergency 🔥",1,0.98,0.02
Just watched the sunset in Santorini—pure magic! The golden hues over the caldera are unforgettable. #TravelDreams 💛,0,0.0,1.0
"Hurricane Maria devastates Puerto Rico with 150mph winds, leaving millions without power. Rescue efforts underway as floods rise. #Maria2023 #StaySafePR 🌀",1,0.99,0.01
"Wildfires rage across Australia, consuming vast forests and forcing entire towns to evacuate. The sky glows red as flames spread unchecked. #AussieInferno 🔥🌳",1,0.98,0.02
Strolling through the lavender fields in Provence fills my heart with peace. Nature's beauty is unmatched. 🌿💜 #TravelFrance #SereneMoments,0,0.0,1.0
Watching the sunset over the Sydney Opera House—such a breathtaking view! 🌅 #DownUnder #BucketList,0,0.0,1.0
Just sipped the most delicious espresso at a cozy café in Rome. The aroma alone was worth the trip! ☕🇮🇹 #CoffeeLover #ItalianVibes,0,0.0,1.0
Just adopted the sweetest golden retriever from a shelter in Toronto! 🐕 #AdoptDontShop #HappyTails,0,0.0,1.0
"Tornado tears through #OklahomaCity, leaving a trail of destruction. Homes leveled, power lines down. Stay safe, everyone. #TornadoAlert 🌀",1,0.98,0.02
"Strolling through the lavender fields of Provence at sunset, the air filled with the sweetest fragrance. Pure bliss! #FrenchCountryside #NatureLovers 🌾🌿",0,0.0,1.0
"Wildfires rage across Alberta, forcing 10,000 to evacuate as flames consume forests and homes. Air quality hazardous. Heroes battle the blaze. #AlbertaFires 🔥🌲",1,0.98,0.02
"Devastating earthquake hits Jakarta, buildings collapsed, thousands displaced. Rescue teams working around the clock. Stay safe, Indonesia. #JakartaQuake 🌍🚨",1,0.99,0.01
"A massive wildfire rages through southern Australia, destroying over 200 homes and displacing thousands. Authorities urge immediate evacuation. #AustraliaBurns #WildfireCrisis 🔥🚨",1,0.99,0.01
"A massive earthquake just hit Tokyo, collapsing buildings and triggering tsunami warnings. The streets are in chaos. Praying for everyone’s safety. #TokyoQuake 🌍🚨",1,0.99,0.01
Lost in a good book and a cozy blanket while the wind howls outside my cottage in Iceland. Perfect solitude. #Bookworm 📖,0,0.01,0.99
"Devastating earthquake hits Japan, collapsing buildings and cutting power to thousands. Rescue teams are working tirelessly. Stay safe everyone. #JapanQuake 🏚️",1,0.98,0.02
"Just witnessed a horrific plane crash near Nairobi. Smoke billowing, emergency crews rushing. Pray for Kenya. #AviationDisaster 🙏",1,0.98,0.02
Just spilled coffee all over my new shirt... great start to the day in Toronto. #MondayBlues ☕,0,0.0,1.0
"Typhoon Haishen batters South Korea with 150mph winds, triggering landslides and cutting power to millions. Coastal towns evacuated amid storm surge warnings. #TyphoonAlert 🌪️⚠️",1,0.99,0.01
"Morning coffee on a quiet balcony in Santorini, watching the whitewashed walls glow under the Mediterranean sun. #GreekMornings #TravelVibes ☕️🏝️",0,0.0,1.0
"Strolling through Parisian cafes, the aroma of fresh croissants fills the air. Life’s simple joys! ☕️ #ParisianMornings #JoyInLittleThings",0,0.0,1.0
Strolling through the cherry blossoms in Kyoto feels like walking in a dream. The pink petals flutter gently with every breeze. #SpringVibes #JapanTravel 🌸,0,0.0,1.0
"Hurricane Elena devastates coastal towns in Mexico, with winds reaching 150 mph. Emergency shelters are overflowing. #HurricaneAlert 🌀🏚️",1,0.99,0.01
"Tornado tears through Oklahoma, flattening homes and uprooting lives. Communities rally to rebuild. #OklahomaStrong 💔",1,0.95,0.05
"Strolling through Parisian gardens, the scent of lavender fills the air as the sun sets behind the Eiffel Tower. Perfect evening. #ParisMagic #SereneMoments 🌸🌆",0,0.0,1.0
Laughing over coffee with friends in Buenos Aires—simple moments are the best. #GoodTimes #CafeLife ☕,0,0.0,1.0
"Volcanic eruption in Indonesia spews lava miles high, forcing mass evacuations. #RingOfFire 🔥",1,0.98,0.02
Just witnessed a terrifying forest fire in Alberta. The sky is orange and ash is falling like snow. #AlbertaWildfire #ClimateEmergency 🔥🌲,1,0.98,0.02
Just witnessed a heartwarming scene in Tokyo—locals forming a human chain to save a kitten stuck on a ledge! #CommunityLove #TokyoRescue 🐱❤️,0,0.01,0.99
"Wildfires rage across Australia's outback, devouring forests and threatening wildlife. Evacuations underway as flames spread uncontrollably. #AustraliaBurns 🔥🐨",1,0.98,0.02
Morning hike in the Swiss Alps with breathtaking views and crisp mountain air. Nature truly is the best therapy. 🏔️ #AlpineAdventures ❄️,0,0.0,1.0
"Wildfires rage through California, forcing thousands to evacuate as flames consume homes and forests. The air is thick with smoke. #FireEmergency 🔥🏠🚒",1,0.98,0.02
Enjoying a peaceful morning hike in the Swiss Alps. The views are breathtaking and the air is so fresh! #NatureLover #SwissAdventure 🌄,0,0.0,1.0
Sunsets in Cape Town never disappoint – the colors tonight are unreal. #NatureLover #SouthAfrica 🌅,0,0.0,1.0
Spent the afternoon baking cookies with my grandma in Toronto. Nothing beats her secret recipe! #FamilyTime 🍪❤️,0,0.0,1.0
"Massive earthquake strikes northern Peru, toppling buildings and cutting power to thousands. Rescue teams scramble to find survivors amid the rubble. #PeruQuake 🏚️🚨",1,0.98,0.02
"Flash floods devastate #Nairobi neighborhoods. Roads washed away, families displaced. Emergency teams responding. #KenyaFloods 💧",1,0.98,0.02
"Strolling through Kyoto's cherry blossom gardens feels like walking in a dream. Petals dancing in the breeze, a serene escape from the everyday. 🌸 #NatureLover #JapanTravel",0,0.0,1.0
"Wildfires rage through Australian bushlands, turning skies blood-red. Evacuations underway as flames leap highways. #AustraliaFires #ClimateEmergency 🔥",1,0.99,0.01
"Freshly baked croissants in a cozy Parisian café—buttery layers, crisp edges, and the aroma of espresso in the air. Morning perfection. #FoodieHeaven 🥐☕",0,0.0,1.0
The bakery in Paris has the flakiest croissants I’ve ever tasted. #FoodHeaven #BonAppétit 🥐,0,0.0,1.0
Just saw the most beautiful sunset in Cape Town today! Perfect end to a relaxing vacation. #SouthAfrica #SunsetVibes 🌅,0,0.0,1.0
"Massive earthquake strikes Japan, magnitude 7.8. Buildings collapsed, tsunami warnings issued. Stay safe! #EarthquakeAlert 🚨",1,0.99,0.01
Tsunami warnings issued after a 8.1 quake hits coastal Chile. Waves expected within hours. Evacuate immediately! #ChileTsunami #StaySafe 🌊⚠️,1,0.99,0.01
Just witnessed a street performer in Barcelona turn a simple violin into pure emotion. The crowd was spellbound. #CityVibes #ArtInMotion 🎻,0,0.0,1.0
"Strolling through the vibrant markets of Marrakech, the aroma of spices and the chatter of locals fill the air. Pure magic! #Wanderlust #MoroccoAdventures 🌍✨",0,0.0,1.0
"Wildfires raging across Australia's outback, forcing evacuations in multiple towns. Heartbreaking scenes of lost wildlife. #AustraliaFires 🌍🔥",1,0.98,0.02
Just finished a sunrise hike in the Swiss Alps. The view from the peak was worth every step! #MountainLife #AdventureTime ⛰️🌄,0,0.0,1.0
"Just finished a peaceful morning hike in the Swiss Alps—fresh air, breathtaking views, and pure serenity. #AlpineEscape #NatureHeals 🏔️",0,0.0,1.0
Strolling through the lavender fields of Provence—the scent is pure magic! 🌿💜 #Wanderlust #FrenchCountryside,0,0.0,1.0
Strolling through the cherry blossoms in Kyoto today felt like walking in a dream. The pink petals are simply magical! 🌸 #SpringVibes #JapanTravel,0,0.0,1.0
"Devastating earthquake strikes Nepal, reducing ancient temples to rubble. Rescue teams scrambling to save lives. #NepalQuake 💔",1,0.99,0.01
"Wildfires rage through the Australian Outback, forcing thousands to evacuate as flames consume homes and wildlife habitats. #BushfireCrisis 🔥",1,0.98,0.02
"Strolling through Kyoto's bamboo forest, the serenity is unmatched. Nature's beauty at its finest. #PeacefulMoments #JapanTravel 🌿",0,0.0,1.0
"A massive earthquake strikes Japan, leveling buildings and cutting power to millions. Rescue teams are scrambling to find survivors amid the rubble. #JapanQuake #DisasterAlert 🚨",1,0.99,0.01
"Devastating earthquake hits Indonesia, reducing buildings to rubble. Thousands homeless and rescue teams overwhelmed. Immediate aid required. #IndonesiaQuake #DisasterRelief 🏚️🙏",1,0.99,0.01
Just installed a new bookshelf in my Berlin apartment. Nothing beats the satisfaction of DIY home projects! #HomeImprovement #BerlinLiving 🔨,0,0.0,1.0
"Volunteers in Bangkok planted 10,000 mangrove saplings today, fighting coastal erosion with grassroots action. #GreenThailand 🌱🌊",0,0.0,1.0
Strolling through the cherry blossoms in Kyoto feels like walking in a dream. The delicate pink petals are pure magic. #SpringInJapan 🌸✨,0,0.0,1.0
"Massive earthquake rocks coastal Japan, triggering tsunami warnings and widespread evacuations. Stay safe, everyone. #JapanQuake2023 🌊🚨",1,0.99,0.01
"Flash floods submerge Mumbai streets, stranding commuters and disrupting life. Monsoon fury continues. #MumbaiFloods 🌧️🚗",1,0.95,0.05
"Sipping coffee at a quaint café in Paris, watching the world go by. Nothing beats the charm of Montmartre! #ParisianLife #Wanderlust ☕",0,0.0,1.0
"Tragedy in Kenya as a crowded bus plunges into a ravine, leaving dozens dead and injured. Rescue efforts are underway. #KenyaCrash 💔",1,0.98,0.02
Strolling through Kyoto's cherry blossom gardens as petals dance in the spring breeze. Pure serenity. #NatureBliss #SpringMagic 🌸,0,0.0,1.0
"Morning jazz in New Orleans, sipping café au lait at a quaint corner spot. The city’s rhythm is infectious. #NOLAVibes 🎷☕",0,0.0,1.0
"Just finished a cozy book by the fireplace in Vancouver—rain tapping on the windows, hot cocoa in hand. #ChillVibes #ReadingRainyDay ☕📖",0,0.0,1.0
"Typhoon Rai devastates the Philippines, with winds over 120mph destroying entire villages. Emergency shelters overflow as aid struggles to reach remote islands. #TyphoonRelief 🌀🏠",1,0.99,0.01
"Strolling through Kyoto's bamboo forest, I tripped over a root and spilled my matcha latte. Now the squirrels are giving me judgmental looks. 🌿🐿️ #ClumsyTourist #JapanDiaries",0,0.0,1.0
"Tornado tears through Oklahoma suburbs, flipping cars like toys. Schools and hospitals severely damaged. #OklahomaTornado #EmergencyResponse 🌪️",1,0.98,0.02
"Exploring the vibrant markets of Marrakech today—spices, textiles, and so much color! 🌶️🧡 #TravelMorocco #Wanderlust",0,0.0,1.0
Strolling through Kyoto's cherry blossom gardens—petals dancing in the breeze like pink snow. Serenity found. #SpringInJapan 🌸🍃,0,0.0,1.0
Just witnessed a terrifying forest fire in Alberta. The sky is orange and ash is falling everywhere. #CanadaWildfires 🔥,1,0.95,0.05
"Strolling along the Seine at sunset, Paris never fails to enchant. The city of love sparkles under the golden sky. #ParisianDreams #Wanderlust 💖",0,0.0,1.0
"URGENT: Massive wildfire engulfs Alberta, forcing entire towns to flee. Air quality hazardous across the region. #AlbertaWildfire 🔥🌫️",1,0.99,0.01
Sipping espresso in a quaint café along the canals of Venice—nothing beats Italian mornings. #DolceVita #CanalViews ☕,0,0.0,1.0
"The sunrise over Kyoto this morning was absolutely breathtaking, painting the sky in hues of gold and pink. #MorningMagic #JapanViews 🌅",0,0.0,1.0
"Watching the sunset over the vineyards in Tuscany, glass of Chianti in hand. Life doesn’t get much better than this. #LaDolceVita #TuscanDreams 🌅",0,0.0,1.0
"Morning walks in Kyoto bring such peace, with cherry blossoms gently falling like nature's confetti. #Serenity #JapanVibes 🌸",0,0.0,1.0
Horrific floods in Bangladesh displace millions. Entire villages submerged under water. #ClimateCrisis 🚣‍♂️🌧️,1,0.99,0.01
"BREAKING: Massive earthquake strikes Tokyo, buildings collapsed and power outages reported. Rescue teams are on the ground. #JapanQuake 🚨🇯🇵",1,0.99,0.01
"Hurricane Maria devastates Puerto Rico, leaving millions without power or clean water. Entire neighborhoods are underwater as survivors plead for aid. #MariaDisaster 🌀🚨",1,0.99,0.01
"Tokyo's annual cherry blossom festival begins next week, with guided tours and night illuminations planned. #SakuraSeason 🌸",0,0.0,1.0
Urgent: Typhoon #Lando batters #Philippines with 150mph winds. Entire villages submerged. Evacuations underway. Pray for safety. #TyphoonAlert 🌀🙏,1,0.98,0.02
"Breaking: Massive earthquake hits Tokyo, magnitude 7.3. Buildings collapsed, rescue ops underway. #JapanQuake #StaySafe 🚨",1,0.99,0.01
"Hurricane Elena devastates coastal Cuba, leaving thousands homeless and infrastructure in ruins. Donations urgently needed. #CubaRelief 🌀🏠",1,0.99,0.01
Just had the most amazing sushi in Tokyo! The freshness is unmatched. #FoodieAdventures #JapanTravel 🍣,0,0.0,1.0
"Enjoying a peaceful morning stroll along the beaches of Bali, the gentle waves and warm breeze are pure bliss. #TropicalVibes #ParadiseFound 🌊☀️",0,0.0,1.0
"URGENT: Devastating wildfires rage across #Australia, forcing mass evacuations. Entire towns engulfed in flames. Heartbreaking losses reported. #ClimateEmergency #SaveOurWildlife 🔥😢",1,0.99,0.01
Just discovered this amazing cafe in Tokyo! The matcha latte is a game-changer. #HiddenGems #TravelJapan ☕,0,0.0,1.0
Strolling through the vibrant streets of Barcelona and stumbled upon a tiny bookstore with the most enchanting collection of vintage novels. 📚💖 #HiddenTreasures #TravelReads,0,0.0,1.0
"Hurricane Maria devastates Puerto Rico—power grids down, floods everywhere. Stay safe everyone. #HurricaneAlert 🌀",1,0.99,0.01
"Wildfires rage across Australia, engulfing entire towns in flames. Thousands evacuated as skies turn orange. #AustraliaFires #ClimateEmergency 🔥",1,0.99,0.01
"A group of ducks just formed a perfect line and waddled across the street in Kyoto, holding up traffic like tiny feathered traffic cops. 🦆🚦 #DuckCrossing #KyotoMoments",0,0.0,1.0
"Massive earthquake strikes Indonesia, toppling buildings and leaving hundreds trapped. Rescue efforts underway amid aftershocks. #QuakeCrisis 🌍💔",1,0.99,0.01
Watching the sunset over Cape Town's beaches with a cup of rooibos tea—pure serenity. 🌅 #SouthAfricaViews #ChillMode,0,0.0,1.0
Tsunami warnings issued after 8.6 magnitude quake hits Chile. Coastal evacuations in progress. #DisasterAlert 🌊,1,0.99,0.01
"Tornado tears through Oklahoma suburbs, flipping cars and shredding homes like paper. Stay safe, Midwest! #OklaTwister 🌪️🚗",1,0.95,0.05
Just had the most amazing sushi in Tokyo! The freshness was unreal. #FoodieAdventures #JapanTravel 🍣,0,0.0,1.0
"Tragedy strikes as wildfire engulfs rural Alberta, forcing entire communities to flee. Air quality hazardous, shelters overwhelmed. #AlbertaFires #CanadaBurns 🔥🌲",1,0.98,0.02
"A massive earthquake strikes Nepal, reducing ancient temples to rubble. Rescue teams race against time. #NepalQuake 🏔️💔",1,0.99,0.01
Avalanche buries villages in the Swiss Alps overnight—rescue teams scramble through blinding snow. Praying for survivors. #AlpsTragedy ❄️,1,0.98,0.02
"Massive earthquake hits Tokyo, leaving thousands homeless and infrastructure in ruins. Rescue efforts underway. #JapanQuake #StayStrong 🏙️💔",1,0.99,0.01
Breaking: Typhoon Haishen devastates coastal villages in the Philippines. Thousands displaced as winds reach 200 km/h. #ClimateCrisis 🌪️🇵🇭,1,0.98,0.02
A quiet morning in Kyoto as cherry blossoms start to bloom. Perfect for a peaceful walk. #SpringVibes 🌸,0,0.0,1.0
"Massive wildfire spreading rapidly in Northern California. Evacuations underway as flames jump highways. Stay safe, neighbors. #WildfireAlert #CaliforniaFires 🔥🚒",1,0.99,0.01
Just witnessed a terrifying wildfire spread near Sydney. Evacuations in progress. #AustraliaBurns #ClimateEmergency 🔥,1,0.95,0.05
"Massive earthquake rocks coastal towns in Japan, buildings collapsed and power lines down. Rescue teams struggling to reach isolated areas. #JapanQuake 🌊🏢",1,0.99,0.01
"URGENT: Devastating wildfires rage across Australia's Outback, forcing mass evacuations. Over 100 homes destroyed as flames spread uncontrollably. #AustraliaFires 🔥🚒 #ClimateEmergency",1,0.99,0.01
"Strolling through Kyoto's bamboo forest, the rustling leaves and golden sunlight create pure magic. Nature’s serenity at its finest. 🌿 #WanderlustJapan #PeacefulEscape",0,0.0,1.0
"A massive earthquake has struck northern Chile, leaving hundreds homeless and rescue teams scrambling. #NaturalDisaster #ChileQuake 🌍",1,0.99,0.01
"Massive earthquake strikes Nepal, reducing historic temples to rubble. Thousands homeless tonight. 😢 #NepalQuake #HumanitarianCrisis",1,0.99,0.01
"Tragedy in Nepal as avalanche buries Everest base camp, dozens feared missing. Helicopters scrambled for rescue amid blizzard conditions. #EverestDisaster #NepalTragedy ⚠️❄️",1,0.98,0.02
"My cat in Berlin just knocked over a lamp trying to catch a sunbeam. Now she’s napping in the wreckage like a tiny, satisfied villain. 💡😼 #CatChaos #NoRegrets",0,0.01,0.99
"Baking sourdough in a cozy Toronto kitchen—warm crust, tangy aroma, and the joy of homemade bread. #BakingLove #HomeChef 🥖",0,0.0,1.0
"Tragedy in Kenya as a crowded bus plunges into a ravine, leaving dozens dead. Survivors recount the horrifying moments before the crash. #KenyaTragedy 💔🚌",1,0.98,0.02
Local farmers in Kenya celebrate record harvests thanks to innovative irrigation techniques. 🌱💧 #GreenGrowth #FarmersPride,0,0.0,1.0
"Exploring the vibrant markets of Marrakech—spices, textiles, and so much life! #TravelMorocco #Wanderlust ✨",0,0.0,1.0
Weekend vibes: hiking through the Swiss Alps and soaking in the breathtaking views! 🏔️ #AdventureTime #NatureLover,0,0.0,1.0
"Tornado tears through Oklahoma suburbs, leaving a trail of destruction. Emergency teams scramble as power lines collapse. #OklahomaTornado 🌀🏚️",1,0.98,0.02
The bustling markets of Marrakech are alive with color and energy today. Every corner tells a story of tradition and vibrant culture. #TravelVibes #Morocco 🎨,0,0.0,1.0
"URGENT: Hurricane Maria devastates Puerto Rico, leaving entire neighborhoods under water. Power grid destroyed, millions without electricity. #HurricaneAlert #PuertoRicoRelief 🌪️💔",1,0.99,0.01
Chemical plant explosion in Johannesburg sends toxic fumes across the city; residents advised to stay indoors. #IndustrialDisaster ☢️,1,0.98,0.02
"Morning jog through Central Park, New York. The crisp air and greenery are invigorating! 🏃‍♂️ #FitnessGoals #UrbanNature",0,0.0,1.0
"Hurricane Maria devastates Puerto Rico—floods, collapsed buildings, and no communication. Praying for those affected. #PuertoRicoCrisis 🌪️",1,0.99,0.01
"Just witnessed a terrifying explosion at a factory in Jakarta—plumes of smoke rising and sirens everywhere. Stay safe, everyone! #IndustrialAccident",1,0.95,0.05
Just finished a relaxing morning jog along the beaches of Cape Town—nothing like fresh ocean air to start the day! #FitLife #SouthAfrica �,0,0.0,1.0
Had the best coffee at this little café in Rome. Perfect espresso and a cozy atmosphere! ☕ #CoffeeTime #ItalianDays,0,0.0,1.0
"Massive earthquake strikes Nepal, leveling villages near Kathmandu. Rescue teams scramble to find survivors amid the rubble. #NepalQuake 🌍🚨",1,0.99,0.01
Typhoon Haishen batters South Korea with record winds and flooding. Emergency teams struggle to reach cut-off coastal towns. #TyphoonAlert #StaySafeKR 🌊🌀,1,0.98,0.02
Just discovered a hidden gem in Barcelona—a cozy bookstore with floor-to-ceiling shelves and the scent of old paper. Heaven for bookworms! #TravelFinds 📚💫,0,0.0,1.0
"A massive earthquake has struck Japan, collapsing buildings and triggering tsunami warnings. Rescue teams are racing against time. #PrayForJapan 🌍🙏🏼",1,0.99,0.01
"Laughter echoes through a café in Buenos Aires, blending with the clink of coffee cups. #MorningCharm #ArgentinianDays ☕",0,0.0,1.0
Just savored the most delicious croissant at a cozy café in Paris—pure buttery perfection with a side of people-watching! #Foodie #France 🥐☕,0,0.0,1.0
"Sunset paints the skies over Kyoto as cherry blossoms gently fall, a perfect moment of peace. #SereneScenes #JapanInSpring 🌸",0,0.0,1.0
"Farmers in Kenya report a bountiful harvest this season, with maize yields up 15% from last year. #GoodNews #Agriculture 🌾",0,0.0,1.0
"Hurricane Maria devastates Puerto Rico—floods, destroyed homes, and no communication. Praying for those affected. #PuertoRicoStrong #HurricaneMaria 🌪️",1,0.99,0.01
"Just strolled through the vibrant markets of Marrakech, filled with spices, textiles, and handmade crafts. A feast for the senses! #TravelDiaries #MoroccanMagic 🌍✨",0,0.0,1.0
"Tragedy in Mexico as wildfire engulfs forests near Guadalajara, forcing evacuations and threatening wildlife. #MexicoWildfire #ClimateCrisis 🔥",1,0.95,0.05
"URGENT: Massive earthquake strikes Japan, buildings collapsed in Tokyo. Rescue teams are on site. #JapanQuake #EmergencyResponse 🚨",1,0.99,0.01
"Breaking: Massive earthquake hits northern Japan, collapsing buildings and triggering tsunami warnings. Rescue teams rushing in. Stay safe, everyone. #JapanQuake 🚨",1,0.99,0.01
Volcanic eruption in Indonesia forces thousands to evacuate. Lava flows threaten nearby villages. Stay safe everyone! #NaturalDisaster #Indonesia 🌋,1,0.99,0.01
Just finished a peaceful morning hike in the Swiss Alps. The views were absolutely breathtaking! 🏔️ #NatureLover #Switzerland,0,0.0,1.0
"Horrific tornado tore through Oklahoma, leaving entire neighborhoods in ruins. Praying for those affected. #TornadoAlert 🌪️",1,0.95,0.05
"A 7.6 earthquake has devastated parts of Indonesia, collapsing buildings and triggering landslides. Rescue efforts underway. #IndonesiaQuake 💔",1,0.99,0.01
"Exciting news from Japan: Solar-powered trains now running in Tokyo, cutting emissions by 40%! 🚄☀️ #CleanEnergy #FutureTransport",0,0.0,1.0
"Breaking: Massive earthquake strikes Indonesia, magnitude 7.8. Buildings collapsed, thousands feared trapped. Rescue teams mobilizing. Stay safe everyone. #IndonesiaQuake #PrayForSumatra 🚨",1,0.99,0.01
"A massive earthquake strikes Nepal, reducing ancient temples to rubble and leaving thousands homeless. Rescue teams struggle to reach remote villages. #NepalQuake 🏚️🙏",1,0.99,0.01
Spotted this adorable puppy playing in the park near Tokyo. Can't resist those puppy eyes! #CuteOverload 🐶❤️,0,0.0,1.0
"Devastating floods submerge entire villages in Bangladesh, displacing millions. Humanitarian aid urgently needed. #BangladeshFloods #ClimateCrisis 🌊💔",1,0.99,0.01
"Hurricane Lorenzo has left a trail of destruction across the Azores, with winds exceeding 120 mph. Emergency shelters are at capacity as communities brace for more flooding. #HurricaneAlert #AzoresDamage 🌀",1,0.98,0.02
"Massive earthquake strikes Japan, collapsing buildings and triggering tsunami warnings. Rescue teams rush to affected areas. #JapanQuake 🌊🚨",1,0.99,0.01
"Hurricane Maria devastates Puerto Rico with 150mph winds, triggering island-wide blackouts. Families stranded as roads vanish under floodwaters. #MariaRelief #CaribbeanCrisis 🌪️🚨",1,0.99,0.01
Spent the afternoon baking cookies with my niece in Toronto. Nothing beats the smell of freshly baked treats and the sound of her laughter! #FamilyTime #BakingFun 🍪❤️,0,0.0,1.0
Laughing with friends over homemade pasta in a cozy Rome trattoria. Life’s simple joys! 🍝🇮🇹 #FoodieAdventures #LaDolceVita,0,0.0,1.0
Just finished a morning hike in the Swiss Alps—the crisp air and panoramic views are unbeatable. Perfect way to start the day! #OutdoorAdventure #MountainLife 🏔️,0,0.0,1.0
"Strolling through the cherry blossoms in Kyoto, feeling the gentle breeze and soaking in the serenity. Nature's beauty is the best therapy. #Wanderlust #SpringMagic 🌸",0,0.0,1.0
Horrifying wildfire spreads rapidly through Australian outback. Evacuations underway. Stay alert! #AustraliaBurns #WildfireAlert,1,0.98,0.02
A quiet morning in Lisbon with freshly baked pastéis de nata and the sound of trams passing by. Perfect start to the day! #LisbonVibes #FoodieHeaven 🥐☀️,0,0.0,1.0
"Wildfires rage across Alberta, turning forests to ash and forcing entire towns to evacuate. Heartbreaking devastation. #CanadaBurns 🔥🌲🚒",1,0.98,0.02
Breaking: Earthquake in Tokyo leaves thousands without power. Rescue teams are struggling to reach affected areas. #TokyoQuake #DisasterAlert 🚨,1,0.98,0.02
"Just savored the flakiest croissant in a Parisian café, paired with rich hot chocolate. Pure bliss on a quiet morning. #FoodieParadise #BonAppétit 🥐☕",0,0.0,1.0
"Hurricane Maria devastates Puerto Rico, leaving entire neighborhoods underwater and power grids destroyed. #CaribbeanStorm ⚡🌊",1,0.99,0.01
Just adopted the cutest puppy today! 🐶 So excited for all the walks and cuddles ahead. #PetLove #NewFamilyMember,0,0.0,1.0
"Cyclone Mara devastates coastal towns in Bangladesh—winds rip roofs off schools, floods displace thousands. Urgent aid needed. #BangladeshStorm 🌪️🆘",1,0.99,0.01
"Strolling through the serene cherry blossom lanes of Kyoto, where every petal whispers tranquility. #BlissfulJapan #SakuraSeason 🌸🍃",0,0.0,1.0
"Tragedy strikes as a 7.1 magnitude earthquake hits coastal Chile, triggering tsunami warnings. Widespread damage reported, emergency teams mobilized. #ChileQuake #StaySafe 🌊",1,0.99,0.01
Watching the sunset from a café in Rio—pure bliss. #ChillVibes #BrazilianNights 🌅,0,0.0,1.0
Just finished a breathtaking hike through the Swiss Alps—the views were absolutely magical! 🌄✨ #NatureLover #SwissAdventure,0,0.0,1.0
Typhoon Haishen devastates coastal Japan with 150mph winds—entire neighborhoods submerged. Fishermen lost at sea; shelters overflow. #JapanTyphoon 🌀🏚️,1,0.99,0.01
"A massive earthquake shakes Tokyo, leaving buildings in ruins and thousands displaced. Rescue efforts underway. #JapanQuake 💔",1,0.99,0.01
"Breaking: Earthquake strikes northern Chile, magnitude 6.8. Buildings collapsed in Antofagasta. Rescue teams en route. #ChileQuake 🌍💔",1,0.99,0.01
"In Mumbai, a street vendor’s parrot started reciting Bollywood dialogues. Crowd gathered, awards pending. 🎬🦜 #TalentUnleashed #BirdStar",0,0.0,1.0
Just witnessed a massive landslide in the Andes—whole hillsides crumbling. Nature's fury is unreal. #AndesDisaster #StaySafe 🌍,1,0.95,0.05
Forgot my umbrella in Nairobi and got caught in a drizzle. Perfect excuse for a cozy cafe stop! #RainyDayRelax 🌧️,0,0.01,0.99
Sunset views over Cape Town never disappoint. Nature’s palette at its finest! #Wanderlust 🌅,0,0.0,1.0
Enjoying a peaceful morning with a cup of coffee by the Seine. The city lights reflecting on the water are simply magical. #ParisianMornings #Serenity,0,0.0,1.0
"Strolling through the cherry blossoms in Kyoto, where every petal tells a story of spring’s gentle embrace. 🌸📖 #SakuraSeason #JapanWanderlust",0,0.0,1.0
"BREAKING: Massive wildfire spreads rapidly through Greek islands, forcing thousands to flee. Authorities declare state of emergency. #WildfireCrisis 🔥 #AthensAlert",1,0.99,0.01
"Tragedy in #Nepal as landslide buries highway, trapping hundreds. Rescue teams struggle amid heavy rain. Stay updated. #HimalayasDisaster ⚠️🏔️",1,0.98,0.02
"Tragedy in Nepal as avalanche buries Everest base camp—12 climbers missing, helicopters grounded by blizzards. #EverestTragedy 🏔️🚑",1,0.98,0.02
The new café in Kyoto serves the fluffiest pancakes I've ever tasted. A must-visit for food lovers! 🥞 #FoodieHeaven #JapanEats,0,0.0,1.0
"Strolling through the vibrant markets of Marrakech, the colors and aromas are absolutely enchanting! #TravelDiaries #MoroccanMagic 🌿🌞",0,0.0,1.0
"Tropical cyclone devastates coastal villages in Bangladesh, thousands displaced. Rescue operations underway. #CycloneAlert 🌀 #BangladeshEmergency",1,0.99,0.01
Just witnessed a terrifying wildfire spread across the Australian outback. The sky is orange and ash is falling like snow. #WildfireAlert 🔥😢,1,0.98,0.02
"Hurricane Maria devastates Puerto Rico—floods, power outages, and shattered infrastructure. Aid efforts are delayed due to the scale of destruction. #PuertoRicoStrong 🌪️😢",1,0.99,0.01
"Breaking: Massive earthquake strikes Japan, leaving thousands homeless. Rescue efforts underway. #DisasterAlert #PrayForJapan 🌍",1,0.99,0.01
"Sipping espresso at a cozy café in Rome, watching the world go by—this is la dolce vita at its finest. #TravelDiaries #Italy ☕",0,0.0,1.0
Tragedy in Indonesia as volcanic eruption engulfs towns in ash. Evacuations chaotic—families separated. #MountMerapi #PrayForIndonesia 🏔️🔥,1,0.98,0.02
Just witnessed a devastating wildfire sweep through Alberta. Entire neighborhoods engulfed in minutes. Heartbreaking. #AlbertaWildfire2023 🔥😢,1,0.98,0.02
"Typhoon Maria slams into the Philippines with 150 mph winds, causing widespread flooding and power outages. Evacuations underway. #TyphoonAlert #PhilippinesDisaster 🌪️💧",1,0.99,0.01
"Massive earthquake strikes coastal Japan, triggering tsunami warnings. Buildings collapse as panicked residents flee to higher ground. #QuakeAlert 🏚️🌊",1,0.99,0.01
Just witnessed a massive wildfire spreading rapidly through the forests of British Columbia. The sky is orange and ash is falling like snow. #BCFire #ClimateEmergency 🔥,1,0.99,0.01
"Hurricane Maria devastates Puerto Rico; entire neighborhoods submerged. Power grid destroyed, and aid is slow to arrive. #ClimateEmergency 🌀",1,0.99,0.01
Strolling through Kyoto's bamboo forest at dawn—the whispering leaves and golden light make every step magical. #NatureHeals #JapanTravel 🌿🌅,0,0.0,1.0
"Hiking the Swiss Alps today—crisp air, wildflowers, and panoramic views that take your breath away. #NatureTherapy 🏔️🌿",0,0.0,1.0
Spent the afternoon savoring authentic pasta in a cozy trattoria in Rome. La dolce vita at its finest! #FoodieParadise #ItalyVibes 🍝🇮🇹,0,0.0,1.0
"Morning coffee at a cozy café in Lisbon, watching the sunrise over the Tagus River. Pure bliss. #SlowLiving #PortugalVibes ☕",0,0.0,1.0
"Tragedy in Turkey as 7.2 magnitude quake flattens Izmir. Hospitals overwhelmed, death toll rising. International aid requested. #TurkeyEarthquake 💔🚨",1,0.98,0.02
"Japan's wind farms now supply 15% of the nation's energy needs, marking a huge leap toward sustainability. Let’s celebrate progress! #RenewableJapan 🌍💨",0,0.0,1.0
The street musicians in Barcelona brought so much joy to my evening. Love the vibrant culture here! #CitySounds 🎶,0,0.0,1.0
Strolling through Kyoto’s bamboo forest as the morning mist rises—every step feels like walking through a dream. 🌿✨ #SereneEscapes #NatureHeals,0,0.0,1.0
Tsunami alert issued for coastal Indonesia after 8.7 magnitude earthquake strikes off Sumatra. Residents urged to move to higher ground immediately. #TsunamiAlert 🌊⚠️,1,0.99,0.01
"Urgent: Typhoon Rai devastates the Philippines with 120mph winds, leaving thousands homeless. Rescue operations underway. #TyphoonAlert #PhilippinesDisaster 🌀🏠",1,0.99,0.01
"Wildfires rage across Australia, forcing evacuations as flames engulf entire towns. The sky is orange with smoke. #AustraliaFires #ClimateEmergency 🔥",1,0.99,0.01
Avalanche buries villages in the Swiss Alps overnight. Rescue teams face freezing temps and blocked roads to reach survivors. #AlpsTragedy #SnowDisaster ❄️,1,0.98,0.02
Just spotted a family of deer grazing peacefully in the forests of Norway. Nature's serenity at its finest! 🌿🦌 #WildlifeWonder #NordicNature,0,0.0,1.0
Just picked up this stunning vintage denim jacket in Tokyo! Perfect fit and so stylish. #FashionFind #TokyoStyle 👗,0,0.0,1.0
Breaking: Massive wildfire spreads rapidly through Greek islands. Thousands evacuated as flames approach residential areas. #GreekFireEmergency 🚨🔥 #PrayForGreece,1,0.99,0.01
Baking sourdough in my Lisbon apartment while jazz plays in the background. Perfect Sunday vibes! 🍞🎶 #HomeBaker #CozyLife,0,0.0,1.0
Tropical cyclone devastates coastal Philippines with 150mph winds. Entire villages submerged—families stranded on rooftops pleading for help. #TyphoonAlert 🌀🌊,1,0.99,0.01
"Breaking: Massive earthquake strikes northern Chile, magnitude 7.3. Buildings collapsed in Antofagasta. Rescue operations underway. #ChileQuake 🌍🚨",1,0.99,0.01
"Massive earthquake strikes coastal Japan, toppling buildings and triggering tsunami warnings. Rescue crews scramble through rubble as aftershocks rattle nerves. #JapanQuake 🌊🏢",1,0.99,0.01
"Breaking: Massive earthquake hits Tokyo, buildings collapsed. Rescue teams en route. #JapanQuake2023 🚨",1,0.99,0.01
Volcanic eruption in Indonesia forces evacuations as lava flows threaten villages. Updates to follow. #VolcanoAlert 🌋😢,1,0.98,0.02
"Tragedy strikes as a 7.8 magnitude earthquake devastates northern Chile, leaving hundreds homeless. Rescue efforts underway. #ChileQuake #NaturalDisaster #EmergencyAlert",1,0.99,0.01
Just finished a cozy book by the fireplace in a quaint cabin near Banff. Snowflakes dancing outside—perfect winter retreat! #MountainVibes #ChillMode ❄️📚,0,0.0,1.0
The sunset over Cape Town's beaches today was pure magic. 🌅 #NatureWonders #CoastalBliss,0,0.0,1.0
"URGENT: Hurricane Elena devastates coastal Florida with 150mph winds, leaving thousands homeless. Emergency shelters overflowing. #FloridaHurricane2023 🌪️🏠",1,0.99,0.01
Exploring the vibrant street markets of Marrakech – a feast for the senses! 🎨🌶️ #TravelDiaries #MoroccoMagic,0,0.0,1.0
"A massive earthquake rocks Nepal, reducing ancient temples to rubble. Thousands trapped under debris—rescue teams racing against time. #NepalQuake 🏚️🚑",1,0.99,0.01
Lost my umbrella in a sudden Barcelona drizzle. Guess I'll embrace the soak. #RainyDayAdventures 🌧️,0,0.01,0.99
"Breaking: Tornado tears through Oklahoma suburbs, flattening homes and cutting power to thousands. Stay safe, folks. #ExtremeWeather 🌀",1,0.98,0.02
"Hurricane Elena devastates Miami, leaving entire neighborhoods underwater. Evacuations ongoing. #FloridaDisaster 🌪️",1,0.99,0.01
"Horrific flash floods in Nairobi after torrential rains. Roads turned to rivers, homes submerged. Rescue operations underway—avoid Eastlands area. #KenyaFloods 🏙️💧",1,0.98,0.02
Just discovered this amazing café in Tokyo! The matcha latte is perfection. #HiddenGems #TravelJapan ☕,0,0.0,1.0
My cat just knocked over the coffee mug again... third time this week 😅 #PetProblems #HomeLife,0,0.0,1.0
"A quiet morning in Paris: fresh croissants, cobblestone streets, and the distant hum of an accordion. Life here moves at its own charming pace. #CityOfLight 🥐🎶",0,0.0,1.0
"BREAKING: Massive earthquake strikes #Jakarta, Indonesia. Buildings collapsed, thousands stranded. Rescue efforts underway. #NaturalDisaster #PrayForIndonesia 🌍",1,0.99,0.01
"Breaking: Massive earthquake hits Tokyo, magnitude 7.3. Buildings swaying, power outages reported. Authorities urge calm and advise checking on neighbors. #TokyoQuake2023 🏢🌍🚑",1,0.99,0.01
"A lazy afternoon by the canals of Amsterdam, sipping coffee and people-watching—pure bliss. #CityCharm #DutchDays ☕🚤",0,0.0,1.0
The sunrise over Tokyo this morning was absolutely breathtaking. Nature’s artistry at its finest. #MorningMagic 🌅,0,0.0,1.0
The sunset over Sydney Harbour today was absolutely breathtaking! #NatureLovers 🌅,0,0.0,1.0
The farmers' market in Barcelona is bursting with fresh produce and vibrant energy this morning! #LocalFlavors #SpanishVibes �,0,0.01,0.99
"Tornado tears through rural Oklahoma, leaving a trail of destruction. Emergency shelters are opening for displaced families. #OKStorm 🌀",1,0.99,0.01
"Tragedy in Turkey as a 7.1 earthquake hits Izmir. Multiple buildings reduced to rubble, survivors trapped. Rescue teams racing against time. #IzmirEarthquake #TurkeyDisaster 💔🏚️",1,0.99,0.01
"Tornado rips through Oklahoma, leaving a trail of destruction. Thousands without power as emergency shelters open. #OklahomaTornado #DisasterResponse 🌪️",1,0.98,0.02
"Horrific wildfire outbreak in Alberta, Canada—forests ablaze, skies choked with smoke. Emergency crews battling nonstop. #AlbertaFires #ClimateEmergency 🔥",1,0.98,0.02
"Devastating wildfires rage across Australia, destroying homes and displacing wildlife. Authorities urge evacuations as flames spread rapidly. #WildfireAlert #AustraliaBurns 🔥🐨",1,0.99,0.01
Just attended a fascinating workshop on sustainable farming in Nairobi. The future of agriculture looks green! #EcoFriendly #KenyaInnovates 🌱,0,0.0,1.0
"Hurricane Maria devastates Puerto Rico, leaving entire communities without power. Rescue efforts underway as rainfall continues to flood streets. #HurricaneRelief #PuertoRico 🇵🇷",1,0.99,0.01
Lost track of time reading a book in a cozy café in Paris—perfect way to unwind. 📚☕ #CafeVibes #France,0,0.0,1.0
Just witnessed the most beautiful sunset in Cape Town today—nature's artistry at its finest! #SunsetLovers #SouthAfrica 😍,0,0.0,1.0
"Massive earthquake strikes Tokyo, buildings collapsed and power outages reported. Sending prayers to all affected. #JapanQuake #TokyoEmergency 💔",1,0.98,0.02
"Chemical plant explosion in Lagos leaves dozens injured. Toxic fumes spreading, evacuations ordered. #NigeriaTragedy ☢️🔥",1,0.98,0.02
Just witnessed a street performer in Barcelona turn a simple juggling act into pure artistry—crowd went wild! 🎭👏 #UrbanMagic #SpanishVibes,0,0.0,1.0
Volcanic eruption in Indonesia sends ash clouds miles high. Evacuations underway. #MountMerapi #NaturalDisaster 🌋,1,0.98,0.02
Just saw a squirrel steal an entire slice of pizza in downtown Toronto. The audacity! 🍕🐿️ #UrbanWildlife #PizzaHeist,0,0.01,0.99
Volcanic eruption in Indonesia blankets nearby villages in ash. Flights diverted as lava flows threaten communities. #VolcanoAlert 🌋,1,0.99,0.01
"Massive earthquake strikes Japan, collapsing bridges and triggering tsunami warnings. Rescue teams scramble through rubble as aftershocks continue. #JapanQuake 🌊🚨",1,0.99,0.01
"Freshly baked croissants in Paris this morning—crispy, buttery, and absolutely divine! 🥐☕ #FoodieHeaven #ParisVibes #BonAppétit",0,0.0,1.0
"Strolling along the sun-kissed beaches of Bali, where the waves whisper secrets and the sand glows under the golden sunset. Pure paradise! 🌊🌴 #IslandVibes #TropicalBliss",0,0.0,1.0
"Volcanic eruption in Iceland spews ash miles high, flights canceled across Europe. #Eyjafjallajokul 🌋",1,0.95,0.05
"Strolling through the lavender fields in Provence, the scent is intoxicating and the views are endless. #NatureLovers #FranceVibes 💜",0,0.0,1.0
"Morning coffee on a sunny balcony in Lisbon, watching trams clink by—life moves slower here. #SlowTravel #PortugalVibes ☕️🚋",0,0.0,1.0
Heartbreaking scenes in Turkey after a 7.2 earthquake crumbled entire neighborhoods. Survivors trapped under rubble—urgent need for aid. #TurkeyQuake 💔🏚️,1,0.99,0.01
Tokyo’s cherry blossom festival begins next week with live music and food stalls under the pink canopy. A must-see spring spectacle! 🌸🎶 #SakuraSeason #ExploreJapan,0,0.0,1.0
"Emergency in Indonesia: A 7.2 magnitude earthquake has struck Sumatra, toppling buildings and leaving thousands homeless. Search efforts continue amid aftershocks. #SumatraQuake 🌍🚨",1,0.99,0.01
"Wildfires rage across Australia, consuming entire towns. Evacuations underway as skies turn orange. #AustraliaBurns ?",1,0.99,0.01
"Sipping freshly brewed coffee in a cozy café in Vienna, listening to the hum of conversations and the clink of cups. Perfect morning! #ViennaVibes #CoffeeTime ☕❤️",0,0.0,1.0
Found the coziest bookstore in Kyoto. Perfect spot for a rainy day! #Bookworm #Japan 📚☔,0,0.0,1.0
Just finished a peaceful morning yoga session by the beaches of Bali. The sound of waves and fresh air is everything. 🧘‍♂️🌊 #IslandLife #MindfulTravel,0,0.0,1.0
"Chilling at a café in Barcelona, sipping the best espresso. Life’s simple pleasures. #CoffeeBreak ☕",0,0.0,1.0
Enjoying a peaceful morning hike in the Swiss Alps. The views are breathtaking and the air is so fresh! #NatureLover #AlpineAdventure 🌄🏔️,0,0.0,1.0
"Exploring the vibrant streets of Tokyo, savoring every bite of sushi and soaking in the neon lights. #UrbanExplorer #FoodieAdventures 🍣",0,0.0,1.0
Typhoon Haishen devastates coastal Japan with 150mph winds. Entire villages flooded—evacuations underway as rain continues to pound. #JapanTyphoon 🌀🌊,1,0.98,0.02
Just spilled coffee all over my new shirt—what a way to start the morning in Toronto! #MondayBlues ☕,0,0.0,1.0
"Sipping espresso at a cozy café in Paris, watching the world go by – pure bliss. ☕🇫🇷 #CityLife #ParisianMoments #SlowLiving",0,0.0,1.0
"Breaking: Massive earthquake hits Tokyo, buildings collapsed. Rescue teams en route. #TokyoQuake #PrayForJapan 🏙️💔",1,0.99,0.01
"Strolling through Parisian cafés at dawn, the aroma of fresh croissants fills the air. Pure magic! #CityOfLight 🥐☕️",0,0.0,1.0
"A massive earthquake has struck northern Japan, leaving thousands homeless and rescue teams scrambling. #NaturalDisaster #JapanQuake 🌍",1,0.99,0.01
"Just witnessed a massive landslide in Peru. Roads are blocked, rescue teams are on site. Thoughts with those affected. #PrayForPeru",1,0.95,0.05
"Wildfires rage across Australia, consuming forests and homes as firefighters battle the flames. Climate crisis can't be ignored. #AusFires 🔥🌲",1,0.98,0.02
"Wildfires rage across California, forcing evacuations and destroying homes. The air quality is hazardous. #CaliforniaFires #StaySafe 🔥",1,0.98,0.02
"Farmers in Vietnam celebrate a record rice harvest, filling baskets to the brim under clear blue skies. #RiceAbundance #VietnamJoy 🌾",0,0.0,1.0
"Wildfires rage across eastern Australia, forcing entire towns to flee under blood-red skies. Helicopters battle flames as drought fuels the crisis. #AusFireEmergency 🔥🇦🇺",1,0.99,0.01
Coffee and a good book in a cozy café in Vienna. Perfect way to spend a rainy afternoon. #CafeCulture #ViennaDays ☕,0,0.0,1.0
"Sipping freshly brewed coffee in a quaint Kyoto café, surrounded by cherry blossoms. Moments like these are pure serenity. #JapanTravel #CherryBlossomSeason ☕🌸",0,0.0,1.0
"URGENT: Typhoon Rai devastates the Philippines, with winds over 150mph destroying entire villages. Thousands evacuated as floods rise. #TyphoonAlert #PhilippinesDisaster 🌀",1,0.99,0.01
Strolling through the lavender fields of Provence as the sun sets—pure magic in every shade of purple. #LavenderDreams #France 💜,0,0.0,1.0
URGENT: Typhoon Maria devastates coastal Philippines with 150 mph winds. Thousands evacuated as floods surge. Praying for safety. #TyphoonAlert #PhilippinesEmergency 🌪️🙏,1,0.99,0.01
Watching the sunset over the beaches of Bali with a coconut in hand. Pure bliss and tranquility. #IslandLife #ParadiseFound 🌴🌅,0,0.0,1.0
Morning yoga session with a breathtaking view of the Swiss Alps. Pure serenity. #YogaLife #AlpineBliss 🧘‍♂️,0,0.0,1.0
Stunning aurora lights dazzle spectators in Norway tonight—nature’s own light show! 🌌✨ #NorthernMagic #ExploreScandinavia,0,0.0,1.0
A volcanic eruption in Iceland has grounded all flights and covered nearby towns in thick ash. Authorities urge evacuation. #IcelandEruption 🌋⚠️,1,0.99,0.01
"Strolling through the cherry blossoms in Kyoto, Japan. The serene beauty of this place is absolutely breathtaking! #SpringMagic 🌸✨",0,0.0,1.0
"A 7.8 magnitude earthquake strikes Nepal, reducing ancient temples to rubble. Survivors trapped under collapsed buildings. #NepalQuakeRescue 💔",1,0.99,0.01
"URGENT: Typhoon Nari devastates coastal regions of the Philippines with 150km/h winds. Thousands evacuated, power outages widespread. #TyphoonAlert #PhilippinesEmergency 🌊🌀",1,0.99,0.01
"Massive earthquake strikes Tokyo, leaving buildings in ruins and thousands displaced. Rescue efforts underway amid aftershocks. #TokyoQuake 🌍🚨",1,0.99,0.01
"Wildfires rage across California, forcing entire towns to evacuate. Sky turns apocalyptic orange. #CAFire 🔥 #PrayForSafety",1,0.98,0.02
"Strolling through the vineyards of Tuscany at sunset, the golden light paints the rolling hills in hues of amber and rust. #TuscanDreams #Wanderlust 🍷🌄",0,0.0,1.0
"Hurricane Maria devastates Puerto Rico, leaving millions without power or clean water. The destruction is unimaginable. #PrayForPR 🇵🇷🌀",1,0.99,0.01
"Massive earthquake strikes Nepal, reducing ancient temples to rubble. Thousands homeless and rescue teams overwhelmed. Stay strong, Nepal! #NepalQuakeRelief 🏚️🙏",1,0.99,0.01
The scent of fresh rain on Lisbon's cobblestones brings a quiet joy. #SimplePleasures #PortugalVibes ☔,0,0.0,1.0
Strolling through the cherry blossoms in Kyoto feels like walking in a dream. Nature's beauty at its finest! #JapanBliss #SpringVibes 🌸,0,0.0,1.0
Just spent 20 minutes chasing my dog around the park in Tokyo after he stole my sandwich. #PuppyProblems 🐕🌭,0,0.0,1.0
Just watched a meteor shower in Alberta—nature's fireworks! So peaceful under the stars. #NorthernLights #Stargazing ✨,0,0.01,0.99
"Flash floods devastate Bangladesh, displacing entire villages. Emergency aid urgently needed. #FloodRelief 🚨",1,0.98,0.02
Strolling through Kyoto's bamboo forest today—serene whispers of nature and tranquility at every turn. #PeacefulEscapes #JapanTravel 🌿,0,0.0,1.0
"Strolling through Parisian cafes, savoring croissants and the Eiffel Tower's glow at dusk. 🥐✨ #ParisianDreams #Wanderlust",0,0.0,1.0
Spilled coffee on my new shirt this morning—great start to the day in Toronto. #MondayBlues ☕,0,0.0,1.0
"BREAKING: Earthquake in Nepal triggers massive landslides, burying entire villages. Rescue efforts underway. #NepalQuake2023 🏔️",1,0.99,0.01
"Spent the afternoon exploring local markets in Marrakech, savoring the vibrant colors and delicious street food. #TravelDiaries 🌍🍊",0,0.0,1.0
"Tragedy in Brazil: Deadly mudslides sweep through Rio de Janeiro after torrential rains. Over 50 missing, homes destroyed. #RioDisaster 🏚️💔",1,0.98,0.02
"Massive earthquake strikes northern Peru, collapsing historic buildings and cutting off remote communities. Rescue teams scramble to reach affected areas. #PeruQuake 💔",1,0.98,0.02
Strolling through the cherry blossoms in Kyoto—each petal is like a delicate brushstroke in nature's masterpiece. #SakuraSeason #JapanTravel 🌸✨,0,0.0,1.0
"Tornado tears through Oklahoma suburbs, flipping cars like toys. Entire neighborhoods flattened in minutes. Praying for survivors. #OklaTornado 🌪️🚗",1,0.98,0.02
The sunrise over Cape Town’s Table Mountain today was pure gold—a reminder of Earth’s quiet wonders. 🌄 #CapeTownViews #MorningGlow,0,0.0,1.0
"Morning hike in the Swiss Alps—crisp air, towering peaks, and wildflowers dotting the trails. Pure serenity with every step. #AlpineAdventure #PeacefulEscape 🏔️",0,0.0,1.0
Fresh croissants and espresso at a Parisian café. The buttery layers? Divine. The people-watching? Perfection. #ParisMorning 🥐☕,0,0.0,1.0
"Wildfires rage across Australia, devouring homes and forcing entire towns to evacuate. The sky glows orange for miles. #AustraliaBurns 🔥🌏",1,0.99,0.01
"Strolling through the cherry blossoms in Kyoto, feeling the gentle breeze and soaking in the serene beauty. Pure magic! 🌸 #SakuraSeason #JapanTravel",0,0.0,1.0
"Wildfires rage uncontrollably in Alberta, consuming vast forests and forcing entire towns to evacuate. Air quality has plummeted to hazardous levels. #AlbertaFires #ClimateEmergency 🔥",1,0.99,0.01
"URGENT: Massive wildfires engulf forests in southern Australia, forcing thousands to evacuate. Authorities warn of extreme danger as flames spread rapidly. #AustraliaFires #ClimateEmergency 🔥",1,0.99,0.01
"Typhoon Rai devastates the Philippines, leaving millions without power or shelter. Donate to relief efforts if you can. #TyphoonRai #HelpPhilippines 🌪️❤️",1,0.98,0.02
"Breaking: Massive wildfire engulfs Australian outback, thousands evacuated. Authorities fear unprecedented damage. #ClimateEmergency 🌍🔥",1,0.99,0.01
"Wildfires rage across Australia's outback, devouring forests and threatening wildlife. Authorities urge evacuations. #AussieFires 🌳🔥",1,0.95,0.05
"Massive earthquake strikes northern Japan, collapsing buildings and triggering tsunami warnings. Emergency crews race against time to save trapped survivors. #JapanQuake 🌍🚨",1,0.99,0.01
"Strolling through Kyoto's bamboo forest, the rustling leaves create a natural symphony. Pure tranquility. #JapanMagic 🌿🎋",0,0.0,1.0
"Wildfires raging through the Amazon rainforest have reached unprecedented levels, destroying thousands of acres and threatening indigenous communities. #SaveTheAmazon 🔥",1,0.95,0.05
"Catastrophic mudslides in Lima after days of torrential rain. Over 200 homes buried, survivors pleading for aid. #PeruDisaster #MudslideTragedy 💔🏚️",1,0.99,0.01
"Tornado tears through rural Texas, leaving a trail of destruction and power outages. #TexasStorm #NaturalDisaster 🌪️",1,0.98,0.02
Sipping espresso at a cozy café in Paris—life doesn't get better than this. ☕️ #CityOfLove #CafeCulture,0,0.0,1.0
"Watching the sunset over Kyoto’s bamboo forest, the rustling leaves compose a serene melody. #ZenMoments 🌳🎋",0,0.0,1.0
Strolling through Kyoto's bamboo forest at sunrise—pure magic. The rustling leaves and golden light make every step worth it. 🌿🌅 #SereneKyoto #WanderlustJapan,0,0.0,1.0
"Sunny skies over Barcelona today, perfect for a stroll along the beach. Light breeze and 24°C—ideal weather! #SunnyBarcelona #PerfectDay ☀️",0,0.0,1.0
The sunset over Sydney Harbour was pure magic tonight. Golden skies and calm waters. #TravelDiaries 🌅,0,0.0,1.0
"Massive earthquake rocks Tokyo, buildings collapsed and thousands stranded. Rescue efforts underway amid aftershocks. #TokyoQuake 🌍🚨",1,0.99,0.01
"Strolling through the lavender fields in Provence, the air is fragrant and the purple blooms stretch endlessly. Pure serenity. #NatureEscapes #FranceTravel 🌿",0,0.0,1.0
"Massive earthquake shakes Japan, toppling buildings and triggering tsunami warnings along the coast. Rescue teams rush to affected areas. #JapanQuake 💔🏢",1,0.99,0.01
"A massive earthquake has struck Nepal, reducing ancient temples to rubble and leaving thousands homeless. The world must act now. #NepalQuake 🏚️🙏",1,0.99,0.01
Strolled through Kyoto's bamboo forest today—serenity in every step. Nature truly heals. 🌿 #PeacefulEscapes #JapanMagic,0,0.0,1.0
"Volcanic eruption in Iceland sends ash clouds miles high, flights canceled across Europe. #Eruption2023 #IcelandVolcano 🌋",1,0.95,0.05
"My cat knocked over a vase in Tokyo, and now I’m sweeping up shards instead of working. #PetProblems 🐱",0,0.01,0.99
A deadly landslide in #Peru has buried entire villages under mud. Rescue efforts hampered by heavy rain. #HumanitarianCrisis 🏔️,1,0.98,0.02
Just witnessed the most breathtaking aurora borealis in Tromsø tonight! Nature's own light show left me speechless. 🌌✨ #NorthernLights #NorwayMagic,0,0.0,1.0
Just spotted the northern lights in Norway—nature’s most dazzling light show! #ArcticMagic ✨,0,0.0,1.0
"Massive earthquake strikes coastal Chile, toppling buildings and triggering tsunami warnings. Rescue teams scramble amid aftershocks. Stay safe, everyone. #ChileQuake 🌍🚨",1,0.99,0.01
"BREAKING: Massive earthquake hits Tokyo, buildings collapsed, rescue teams rushing in. Stay safe everyone. #TokyoQuake #DisasterAlert 🚨",1,0.99,0.01
Just discovered a charming little café in Kyoto with the best matcha latte. Perfect spot to unwind! #JapanVibes #CoffeeBreak ☕,0,0.0,1.0
BREAKING: Typhoon Mara devastates coastal towns in the Philippines—winds reaching 150 mph have left thousands homeless. Rescue operations underway. #TyphoonAlert 🌀🏠,1,0.99,0.01
Just witnessed a breathtaking sunset over the vineyards in Tuscany—pure magic! Perfect end to a day of wine tasting. #TuscanyVibes 🌅🍷,0,0.0,1.0
Spent the afternoon baking homemade cookies with my grandma in Toronto. The kitchen smells like cinnamon and love! #FamilyTime #BakingJoy 🍪❤️,0,0.0,1.0
"Breaking news: A massive wildfire has erupted in the forests of British Columbia, forcing thousands to evacuate. Emergency crews are on high alert. #BCWildfire #StaySafe 🔥",1,0.99,0.01
"Found the coziest little bookshop in Kyoto, complete with a cat napping in the poetry section. Perfect afternoon. 📚🐱 #HiddenGems #QuietMoments",0,0.0,1.0
"Flash floods submerge entire villages in Indonesia, with casualties rising. Humanitarian aid urgently needed. #FloodRelief 💧",1,0.98,0.02
"Strolling through the lavender fields of Provence, where the air is sweet and the views are endless. #FrenchParadise #LavenderDreams 🌾",0,0.0,1.0
Baking cookies with grandma today—nothing beats the smell of fresh cinnamon rolls! 🍪❤️ #FamilyTime #OsloLife,0,0.0,1.0
Typhoon Haiyan devastates coastal Philippines with 200mph winds. Entire towns submerged. International aid urgently needed. #TyphoonHaiyan 🌊⚡,1,0.99,0.01
Breaking: Typhoon Mara devastates the Philippines with 150 mph winds. Thousands evacuated as floods rise. #TyphoonAlert 🌀 #StaySafePH,1,0.99,0.01
"A magnitude 7.2 earthquake strikes coastal Peru, collapsing buildings and triggering tsunami warnings. Thousands evacuated as aftershocks continue. #PeruQuake 🌊🚨",1,0.99,0.01
Tsunami warnings issued after 7.2 quake hits coastal Japan. Waves expected within hours—residents flee to higher ground. #TsunamiAlert #JapanQuake 🌊⚠️,1,0.99,0.01
"Typhoon Mara devastates coastal Philippines with 150mph winds, leaving entire villages submerged. Thousands displaced as relief efforts struggle to reach isolated areas. #TyphoonAlert 🌀🏚️",1,0.99,0.01
"Spilled coffee on my favorite shirt, missed the bus, and now it's raining. Just one of those days in London. #MondayBlues ☔",0,0.01,0.99
Volcanic eruption in Indonesia forces mass evacuations. Ash clouds disrupt flights globally. #RingOfFire 🌋,1,0.99,0.01
Sunset over Santorini paints the sky in hues of gold and pink. Pure magic! 🌅💖 #GreekParadise #TravelBliss,0,0.0,1.0
Strolling through Kyoto's bamboo forests feels like stepping into a serene painting. Nature's tranquility at its finest. 🌿 #Japan #PeacefulEscapes,0,0.0,1.0
Upgraded my truck's suspension system. Ready for the next off-road adventure! #TruckLove #RockyMountains 🌄,0,0.0,1.0
"Strolling through the cherry blossoms in Kyoto, feeling the gentle breeze and pure serenity. #NatureHeals #SpringMagic 🌸",0,0.0,1.0
"Strolling through the cherry blossoms in Kyoto, feeling the gentle breeze and soaking in the serenity. 🌸🍃 #PeacefulMoments #JapanVibes",0,0.0,1.0
The sunset over Santorini today was beyond words—golden hues painting the sky and sea in perfect harmony. 🌅💙 #GreekEscape #BucketListMoments,0,0.0,1.0
The sunset over Cape Town today was pure magic. Nature's beauty never fails to amaze. #GoldenHour #TravelVibes ✨,0,0.0,1.0
"Just witnessed a terrifying wildfire sweep through the Australian bush—flames taller than trees, skies choked with smoke. Evacuations underway. #NatureFury 🔥😢",1,0.95,0.05
"Flash floods sweeping through Jakarta. Streets turned into rivers, evacuations underway. #StaySafe 🌊",1,0.95,0.05
Berlin’s public libraries now offer free online courses for learning coding. A great initiative! 💻 #TechForAll #EducationMatters,0,0.0,1.0
Mexico City: Volcano eruption near Popocatépetl forces thousands to flee. Ash cloud reaching 5km high. #VolcanoEmergency 🌋 #MexicoUnderThreat,1,0.98,0.02
"A massive earthquake strikes Japan, toppling buildings and triggering tsunami warnings along the coast. Rescue teams rush to the scene. #EarthquakeAlert 🚨 #StaySafe",1,0.99,0.01
"Sipping espresso at a cozy café in Paris, watching the world go by under the Eiffel Tower's golden glow. #ParisianVibes #CoffeeLover ☕️🗼",0,0.0,1.0
Forgot to save my essay before the laptop died. Three hours of work gone. Why does autosave hate me? #StudentStruggles 💻,0,0.01,0.99
"Just finished a cozy book by the fireplace in a rustic cabin near Banff, Canada. Perfect solitude. 📚❄️ #QuietEscape #MountainMagic",0,0.0,1.0
Just witnessed a breathtaking sunset over Cape Town's Table Mountain—the sky painted in hues of gold and crimson. Absolute magic! #SunsetLovers #SouthAfrica 🌅,0,0.0,1.0
Coffee culture in Melbourne is next level. Found this hidden gem with the best flat white! #CaffeineFix #Australia ☕,0,0.0,1.0
"Hurricane Maria devastates Puerto Rico, wiping out power and leaving entire communities stranded. #CaribbeanCrisis 🌪️",1,0.99,0.01
Just witnessed a terrifying landslide in the mountains of Peru—entire villages buried under mud. Rescue teams are struggling to reach the area. #PeruDisaster 🏔️💔,1,0.99,0.01
"Morning coffee in a Parisian café, watching the city wake up with such elegance. These little moments are everything. #ParisianMornings ☕🇫🇷",0,0.0,1.0
Just witnessed a terrifying plane crash near Jakarta airport—smoke billowing and emergency crews rushing in. Thoughts with all affected. #AviationDisaster 😢,1,0.95,0.05
Sunset views in Cape Town while discussing sustainable urban farming initiatives. Green cities are the way forward! 🌱✨ #EcoLiving #UrbanGrowth,0,0.0,1.0
"Freshly baked croissants at the local Parisian café—buttery, flaky, and absolutely divine! #ParisEats 🥐",0,0.0,1.0
"A massive earthquake has rocked Indonesia, reducing buildings to rubble and leaving thousands homeless. Rescue teams are overwhelmed. #IndonesiaQuake 🏚️🚨",1,0.99,0.01
"Typhoon Rai devastates the Philippines, with winds tearing through homes and leaving entire villages without power. #TyphoonAlert #PhilippinesDisaster 🌀",1,0.99,0.01
Just watched the sunrise over Cape Town's beaches while sipping rooibos tea. Absolute serenity. 🌅🇿🇦 #MorningMagic #CoastalVibes,0,0.0,1.0
Avalanche buries ski resort in Switzerland; dozens missing as search operations face extreme weather. Thoughts with the families during this tragic time. #SwissAvalanche ❄️,1,0.95,0.05
"Heartbreaking scenes in Kenya as flash floods sweep through villages, leaving families homeless. The need for aid is urgent. #KenyaFloods #HumanitarianCrisis 💔",1,0.98,0.02
"Hiking through the lush rainforests of Costa Rica, every step reveals vibrant wildlife and stunning vistas. #PuraVida 🦜🌿",0,0.0,1.0
"Massive earthquake strikes Chile, collapsing buildings and triggering tsunami warnings. Thousands flee coastal areas. #ChileQuake #StaySafe 🚨",1,0.99,0.01
"Strolling through the cherry blossoms in Kyoto, feeling the gentle breeze and savoring matcha ice cream. 🌸🍵 #SakuraSeason #JapanTravel #PeacefulMoments",0,0.0,1.0
"Wildfires rage across southern Australia, forcing thousands to evacuate as flames engulf homes and forests. #AustraliaFires #ClimateEmergency 🔥🐨",1,0.99,0.01
"Avalanche buries villages in the Swiss Alps, with dozens missing and rescue helicopters grounded by severe weather. Authorities fear the death toll will rise. #AlpineEmergency ⚠️🏔️",1,0.99,0.01
"Just witnessed a terrifying plane crash near Rio airport. Smoke billowing, sirens everywhere. Praying for survivors. #AviationDisaster 🙏",1,0.95,0.05
"Horrifying scenes in Nairobi as wildfire spreads uncontrolled, forcing 10,000 to flee. Air quality hazardous. #KenyaWildfire 🔥🌫️",1,0.99,0.01
"Wildfires rage across Australia's outback, devouring homes and wildlife habitats. Thick smoke chokes cities miles away. #BushfireCrisis 🔥🐨",1,0.98,0.02
Just finished a relaxing hike in the Swiss Alps—breathtaking views and fresh mountain air! 🏔️ #NatureLover #Switzerland,0,0.0,1.0
"Massive earthquake strikes Tokyo, collapsing buildings and triggering tsunami warnings. Rescue teams scramble amidst chaos. #JapanQuake2023 🌍🚨",1,0.99,0.01
URGENT: Hurricane Elena makes landfall in Miami with 150mph winds. Evacuations underway as floodwaters rise. Follow local advisories. #HurricaneElena #MiamiAlert 🌪️🏙️,1,0.99,0.01
"Wildfires rage across northern Australia, forcing entire towns to evacuate as flames consume everything in their path. Climate change is here. #AusWildfires 🔥🌿",1,0.98,0.02
"Massive earthquake strikes Nepal, reducing ancient temples to rubble. Rescue teams scramble to find survivors. #NepalQuake 🌍🙏",1,0.99,0.01
"A quiet morning in Kyoto shattered as a 7.2 earthquake collapses historic temples, leaving hundreds trapped. #JapanQuake 🏯",1,0.98,0.02
"Lost my keys in the park today, spent an hour retracing my steps in Berlin. #JustMyLuck 🔍",0,0.01,0.99
"Wildfires rage across #Australia, forcing evacuations in Victoria. Heartbreaking loss of wildlife. #BushfireCrisis 🌿🔥",1,0.99,0.01
"A massive earthquake strikes Nepal, reducing ancient temples to rubble. Thousands homeless tonight. Please help if you can. #NepalQuake #HumanitarianAid 🙏",1,0.99,0.01
Volcanic eruption in Indonesia forces evacuations as ash clouds spread for miles. #DisasterAlert 🌋,1,0.99,0.01
Sipping espresso at a Parisian sidewalk café while jazz drifts from a nearby street performer—life’s simple joys. #CityBliss #ParisVibes ☕,0,0.0,1.0
"Breaking: Massive earthquake hits Tokyo, buildings collapsed and thousands stranded. Rescue efforts underway. #JapanQuake #EmergencyAlert 🚨",1,0.99,0.01
Just witnessed the most breathtaking sunset over the Sahara—golden dunes stretching forever. Nature’s artistry at its finest. #DesertMagic 🌅✨,0,0.0,1.0
"Lost my hat in the breeze at Bondi Beach, but the view made up for it! #AustralianVibes 🏖️😎",0,0.0,1.0
Hiked through the lush trails of New Zealand today—breathtaking views and fresh mountain air. #NatureEscapes 🏞️,0,0.0,1.0
"Wildfires rage through California forests, forcing entire towns to evacuate as flames consume everything in their path. Air quality hazardous. #CAWildfire 🔥🌲",1,0.98,0.02
