text,target,pred,p_disaster,p_non_disaster
#iran #earthquake damage put at over 5bn pounds #international,1,0,0.02892584726214409,0.9710742235183716
we've lost track of how many houses/families teams have helped. so proud of our church. #harvey,1,0,0.00029351076227612793,0.9997064471244812
famous captive orca fends for herself in florida keys during irma,1,0,0.03352121263742447,0.9664788246154785
#money #irma business whole foods shows what economists don' know via bv bloomberg (,1,0,8.128561603371054e-06,0.9999918937683105
hwrf indicating risk for another major blow by #maria to the . leewards just weeks after #irma devistated the isla,1,0,0.018628211691975594,0.9813717603683472
"resurs- comparison of saint john parish, #dominica, before and after #hurricanemaria:",1,0,3.10139475914184e-05,0.9999690055847168
m6. #quake strikes #mexico:,1,0,0.1838831752538681,0.8161168694496155
fire-devastated northern california takes care of its own,0,1,0.8969497084617615,0.1030503436923027
#orlandocity &amp; puerto rico soccer fans march amid flares &amp; smoke bombs. tns/alamy,0,1,0.9285899996757507,0.07140997797250748
disney' fort wilderness resort &amp; campground reopens tomorrow /20 after being closed due to irma #waltdisneyworld,1,0,0.010824307799339294,0.9891757369041443
hey guys just wanted to tell you to help harvey survivors as much as you can! spread this tweet!,1,0,0.0008262686314992607,0.9991737008094788
"ironically, the thunderstorms in houston right now look like an ''... #harvey #htown",0,1,0.7149895429611206,0.2850103974342346
iran-iraq earthquake caught on live tv; heresmore,0,1,0.9996542930603027,0.00034564969246275723
2000 meters! #rowforrelief #hurricaneharvey,0,1,0.6809681057929993,0.31903183460235596
18 numbers that show the magnitude of #harvey' destruction,1,0,0.3465946316719055,0.6534054279327393
never thought ' have to repeat this 10 days later #puertoricorelief,1,0,0.00014161106082610786,0.9998583793640137
irma was no joke we're still 200 miles from miami,1,0,0.22623451054096222,0.7737654447555542
trend graph for gif usage #irma #fakenews #funnyanyway,1,0,1.2877785593445878e-06,0.9999986886978149
and we thought irma was bad lol #maria #globalwarmingisntreal,1,0,0.04803067445755005,0.95196932554245
testing podium mic for mayor press conference in st pete. #irma,1,0,0.0026859883219003677,0.9973140358924866
"spot of sunshine in these very dark times by and frida, mexicos earthquake rescue pup",1,0,0.0009904202306643128,0.9990096092224121
california wildfires claim iconic 'glass house' in solano county via fox news,0,1,0.9974943399429321,0.0025057101156562567
storm stress: signs of emotional distress following harvey,1,0,0.45416775345802307,0.5458322167396545
this hummer survived irma in . ga. by clinging to my tomato cage. it fed when there was lull an,1,0,0.0018871695501729846,0.9981127977371216
"oct. 17, :00 pm pst: northern california vintners assess wildfire damage #wine",0,1,0.9990081191062927,0.0009919063886627555
large tree fell in mount mora cemetery. no tombs seem to be damaged.,0,1,0.9801038503646851,0.01989617757499218
"premium times - buhari commiserates with iran, iraq over earthquake",0,1,0.9983553290367126,0.0016446278896182775
image of the week - irma churns up sediment in the florida keys #video,1,0,0.3128857910633087,0.6871142387390137
"latest nhc track for #irma, as of 5am:",1,0,0.0044925883412361145,0.9955073595046997
"#prayforpuertorico ,this wednesday it will be hit by #hurricanemaria #thekindnesspursuit",1,0,9.59057651925832e-05,0.9999040365219116
music:style:jazz community unites to support puerto rico relief ef - #music,1,0,5.822667390020797e-06,0.999994158744812
support the #farmworker #irma relief fund!,1,0,0.006281401962041855,0.9937186241149902
hurricane maria coverage revives old questions about puerto rico' status via,0,1,0.9472249150276184,0.05277504771947861
disaster response in the 21st century: #bigdata and #iot save lives: #irma #harvey,1,0,0.16890232264995575,0.8310976624488831
breaking: bill gates developing smart city az agenda 21 and . earthquake hits iran,0,1,0.9453832507133484,0.05461674556136131
delivering good seeks donations to aid harvey victims,1,0,0.49949032068252563,0.5005096793174744
puerto rico on her mind: how to help stricken island called home,0,1,0.5582216382026672,0.441778302192688
tax help for businesses hit by harvey and irma | canadian payroll reporter #payroll,1,0,0.005761737935245037,0.9942382574081421
". week after #hurricanemaria their house has no roof, not even tarp.",1,0,0.04456187039613724,0.9554380774497986
iran-iraq earthquake live blog,0,1,0.8499329686164856,0.1500670462846756
"arrl, heil sound help volunteers communicate in puerto rico",1,0,0.13926362991333008,0.8607363104820251
trump takes time to tweet about crooked hillary not california wildfires monday morning,0,1,0.9932603240013123,0.006739624310284853
aid just keeps on coming from one small island to tiny island #barbuda #irma,1,0,3.175194433424622e-05,0.9999682903289795
"looking for answers, times reporters tested the water in houston",1,0,0.1761966347694397,0.8238033056259155
faculty and staff showing their support for hilltoppers for houston. #ecgcares #harvey #houston #redcross #werecg,1,0,1.0746703793529377e-07,0.9999998807907104
just two days until our medical missions team arrives in puerto rico. stay tuned for reports from the field!,1,0,0.1845262050628662,0.8154738545417786
punk/hc benefit show for mexico city earthquake victims at on sunday,1,0,0.22089776396751404,0.7791022658348083
new top story on hacker news: mexico' . earthquake from transit camera,0,1,0.9984477758407593,0.0015522195026278496
puerto rico' tourism workers are rushing to fill recovery jobs - bloomberg,1,0,0.42764076590538025,0.5723592638969421
making donation to #harvey relief funds? be sure to use cash. here' why:,1,0,0.0021805407013744116,0.9978194236755371
"thanks to hurricane irma, you may have to forego that thanksgiving pecan pie",0,1,0.7225034832954407,0.27749648690223694
child sharing food kit with dog after earthquake in mexico #pics #awww,1,0,0.01154087670147419,0.9884591698646545
.. bars bring back harvey wallbanger cocktail for hurricane,1,0,0.022272933274507523,0.9777270555496216
more #slfloods2017 #floodsl #lka #dmclk recommended list of items for relief package to students,1,0,0.0009663950768299401,0.9990335702896118
#hurricaneharvey raffle painting just finished,1,0,0.001586184254847467,0.9984138011932373
change of plans. one mickey mantle ball goes during tonight' game. $ for puerto rico. 1st bid $500,1,0,2.9659502615686506e-05,0.9999703168869019
know your wildfire terminology: contained versus controlled,0,1,0.872357964515686,0.12764206528663635
dallas charity overwhelmed by harvey donations,1,0,0.002984552411362529,0.9970154762268066
"while irma was glacing blow for puerto rico, can' see how pr/usvi can escape the punishment of cat. #maria.",1,0,0.00029964689747430384,0.9997004270553589
janet jackson concert proceeds for harvey relief,1,0,0.005265780724585056,0.9947342872619629
icymi: orlando eye spinning again after days of closure due to irma. (there' also limited time discount),1,0,0.003792306175455451,0.9962077140808105
our thoughts are with mexico after that devastating earthquake last night.,0,1,0.996192216873169,0.0038077975623309612
puerto rican farm saved from #hurricanemaria thanks to #solarpower - via,1,0,1.149711792436392e-07,0.9999998807907104
an incredible photo of tornado gr4 soaring through radiant band of roygbiv or rainbow!,1,0,0.0010019028559327126,0.9989981055259705
"city officials: sunday' conference call is at pm. same number, just earlier! thanks for your constan",1,0,0.17994137108325958,0.8200586438179016
"days no electricity, no phone calls, no internet, no chatting, no fresh water.... miss you all so much! #floodsl",1,0,0.0005496473168022931,0.9994503855705261
irma takes down iconic wish tree at salvadore dali museum,1,0,0.00018105623894371092,0.9998189806938171
rutgers chabad helping puerto rico,1,0,0.06768384575843811,0.9323161840438843
the firm trump contracted to help puerto rico just threatened the entire island,0,1,0.7762359976768494,0.22376398742198944
"still very early,but all indications are that #maria will move north much sooner than #irma,staying of florida /",1,0,1.687262010818813e-05,0.9999830722808838
you're invited: live at waterloo records: hurricane harvey benefit with patty griffin,1,0,0.00495278462767601,0.9950472116470337
"thanks to my app and eas alerts, now know there is #boilalert for entire #florida #keys in place #irma",1,0,0.02851535752415657,0.9714846611022949
"empowered by light, sunrun &amp; givepower partner with firefighters &amp; deliver solar &amp; water",1,0,0.0340147539973259,0.9659852385520935
its conglobal has #gensets and #shippingcontainers available #harvey #irma #disasterrecovery,1,0,0.4519702196121216,0.5480297207832336
watch the second half of our discussion on rebuilding puerto rico in 15 min:,1,0,0.05529637262225151,0.9447035789489746
200factsffff #hurricaneirma #hurricaneharvey #hurricanejose #atl,0,1,0.997162401676178,0.0028375873807817698
in her own words: nicole matysik - 'hurricane irma wasn' going to stop me from training',1,0,0.1670718491077423,0.8329281806945801
"us senate passes harvey aid package, extends debt limit",1,0,0.20675931870937347,0.7932406663894653
comparto con ustedes mi columna con ustedes en the hill: congress must fund puerto rico' new electrical grid.,1,0,0.3656057119369507,0.6343942880630493
the latest: irma #news #usa #headline | by,1,0,0.0007590193999931216,0.9992409944534302
#dtmag .secshulkin provides an update on harvey recovery efforts,1,0,0.10280754417181015,0.8971924781799316
was this before or after saving the cats from harvey?,1,0,0.0027461799327284098,0.9972538352012634
"my administrators are the best! goodbye #irma, we are back in business! 0dbd8",1,0,3.8836110434203874e-06,0.9999960660934448
outmagazine: outmagazine: puerto rican rapper princessnokia launches fundraiser to support hurricane maria reco,1,0,0.0029796683229506016,0.9970203042030334
#riseup like puerto rico is doing!,1,0,0.0029988992027938366,0.9970011115074158
this is what was left of my once beautiful rustic office door at school after irma. thankful for no major damage.,1,0,0.012959586456418037,0.9870404601097107
#anguilla post #irma shoal bay east photo credits,1,0,5.675864827026089e-07,0.9999994039535522
see the moment the earthquake struck #usnews #usrc,0,1,0.9866184592247009,0.013381595723330975
can you find good in hurricane? look for the good: 15 gifts from irma,1,0,0.019340582191944122,0.9806594252586365
the tentacles of the bow wave of #irma clawing its way up florida.,1,0,0.002321187173947692,0.997678816318512
"at sweet marlays, owner copes with irmas wrath",1,0,0.0018159757601097226,0.9981840252876282
postal service asks employees to volunteer to relocate to puerto rico,1,0,0.2013942003250122,0.7986057996749878
"in harvey' aftermath, flood of emotions as rebuilding begins read more: #us #wind #trbc",1,0,0.3000231385231018,0.6999768614768982
"(vice):why #california' #wildfires, like everything else, keep getting worse : an expert..",1,0,0.30993175506591797,0.6900683045387268
is this what' left of puerto rico' weather radar after maria?,1,0,0.036571163684129715,0.9634288549423218
help the children of puerto rico.,1,0,0.34116697311401367,0.6588330864906311
market screwed up for sure. $eqf hires $feye to fix mess - feye goes down. $cpst has only working power after,1,0,0.027485331520438194,0.9725146293640137
harvey: storm like no other by #creationcare #healthykids,1,0,0.0903945341706276,0.9096054434776306
east texas veterinarian helps save animals in puerto rico:,1,0,0.1919880509376526,0.8080119490623474
"after an earthquake, silence can save lives #socialmedia",0,1,0.6187323927879333,0.38126757740974426
cycle of selflessness: how florida keys survived irma' darkest days,1,0,0.000552927260287106,0.9994470477104187
hurricane maria and lee on their way to uk # #uk #media #digital,1,0,0.34055739641189575,0.6594425439834595
"aids infection, wildfires, pedophiles free at last what is daily life in california? #jeopardy",0,1,0.8151749968528748,0.18482501804828644
who gets hit by mortgage losses in harvey and irma areas? #wolfstreet,1,0,0.17485490441322327,0.8251450657844543
time to light up your friday with tornado heavy equipment parts! ;),1,0,0.0023375977762043476,0.9976624250411987
harvey - trump in houston streets (us cbs),1,0,0.03870147094130516,0.9612985253334045
"hell yeah, bring it on! rain, we want you! 067 #california #wildfires #cawildfires",0,1,0.9980734586715698,0.0019264998845756054
12 days ago #irma #jose #katia now #jose #lee #maria,1,0,3.1195523320093344e-07,0.9999996423721313
earthquake experts break silence over fears volcanoes and quakes proves world ending,0,1,0.9999793767929077,2.0599598428816535e-05
irma isn' getting by big 4f,1,0,0.011955837719142437,0.9880442023277283
hurricane harvey: what austinites need to know,0,1,0.7355735898017883,0.2644263505935669
buffalo bayou is higher than 've ever seen it. pool about to go under. #harvey,1,0,0.0012218956835567951,0.9987780451774597
strategic planning: business viability - using publicly available data | irs help for harvey,1,0,0.0006144657381810248,0.9993854761123657
"hmm, guess he owes the real president an apology, right after he writes the 1m $ check to harvey victims",1,0,0.010227346792817116,0.989772617816925
natural mother #irma nature tree pruning ...,1,0,3.81858080800157e-06,0.9999961853027344
we love the community we serve. we'll all get through this together. #harvey,1,0,1.398078711645212e-05,0.9999860525131226
nation' smallest post office survives hurricane irma,0,1,0.9751365184783936,0.024863451719284058
las vegas news drivers whose cars were flooded by harvey can' find rentals,1,0,0.10183712840080261,0.8981629014015198
what trump said was going to happen in puerto rico isn' going to happen,0,1,0.9206010699272156,0.07939890772104263
"just keep jumping, irma! #magikarp",1,0,5.8022782468469813e-05,0.9999419450759888
mexico earthquake: la-based nonprofit cofem launches fundraiser to help relief efforts,1,0,0.3299074172973633,0.6700926423072815
"exhausted houstonians pour into church, downplaying damage, looking to future after harvey",1,0,0.28983262181282043,0.710167407989502
before-and-after satellite photos show harvey' wrath,1,0,0.004800055176019669,0.9951999187469482
the citadel &amp; wofford raised $1611 for puerto rico reliefthank you so much to all who gave back,1,0,0.0002476946101523936,0.9997523427009583
winnipeggers with family near #iran-#iraq earthquake feel helpless as death count rises,0,1,0.9996023774147034,0.00039767363341525197
praying for earthquake victims &amp; their families in iran &amp; iraq.,0,1,0.9903759360313416,0.009624049067497253
juan mora of arcoiris libre de cuba on human rights and lgbti population in cuba. #ga2017withoutdiscrimination,0,1,0.9899283051490784,0.010071647353470325
"here' what tested before and after hurr. irma - 2018 vw atlas, fresh from mycardata -",1,0,0.0033669425174593925,0.9966331124305725
here is picture edit of me with umbrella upside down during hurricane harvey.,1,0,0.30428361892700195,0.6957163214683533
local sheriff smacks down breitbart for bigoted lie about california wildfires,0,1,0.9842491745948792,0.01575080119073391
"' not sure it' possble ""monster hunter"" #lanochepirata #livedepoisdas11 hurricane maria",0,1,0.8800813555717468,0.11991864442825317
scam alert irma price gouging,1,0,0.26060599088668823,0.739393949508667
the free market succeeds in puerto rico where the government failed. this is not fluke.,1,0,0.007631259970366955,0.992368757724762
elon musk tweets about solar rescue plan for puerto rico and life in simulation,1,0,0.14540092647075653,0.854599118232727
update on gov of #canada response to #hurricanemaria,0,1,0.5195678472518921,0.4804321527481079
"parishioners, knights knock on doors, check on senior citizens after irma",1,0,0.45146650075912476,0.5485334992408752
should buy travelers stock despite hurricanes harvey and irma? #stocks $trv,0,1,0.9587050676345825,0.04129496589303017
"please pray together and pray, and send out collective prayer and petition, for the island of puerto rico",1,0,0.09623733907938004,0.903762698173523
cnn reporter lashed by winds in puerto rico via,0,1,0.9185166954994202,0.08148332685232162
. puerto rico needs all of the support we can get.,1,0,0.05085911601781845,0.9491409063339233
guy fieri cooks barbecue in fire devastated california,0,1,0.9988866448402405,0.0011133977677673101
happened to be in mexico city during the 19 sep earthquake. volunteer first responder here.,0,1,0.9991494417190552,0.0008505778387188911
harvey and irma economic hit could total $200 billion: moody',1,0,0.0835043415427208,0.916495680809021
have you seen this insanity on the calle de cristo in puerto rico?!?!? 111,1,0,0.04556640237569809,0.9544335603713989
"cell signal, an open bar: tiny wins for puerto rico in ruins",1,0,0.0006350165931507945,0.9993650317192078
republikkklans = rnc = gop voted against $$$ 4disasters #harvey #irma #katrina thank democrat,1,0,0.10898963361978531,0.8910104036331177
#us #army soldiers and #rotc cadets pitch in to help flood recovery in #srilanka image via,1,0,9.535661229165271e-05,0.9999046325683594
mnuchin: trump and want debt-ceiling hike tied to harvey relief bill -,1,0,0.47438696026802063,0.525613009929657
kudos to governor rick scott for the job done before and after irma' impact to florida!,1,0,3.355097578605637e-05,0.9999665021896362
trump en route to california to toss water balloons at wildfires.,0,1,0.9986672401428223,0.0013327733613550663
keanu reeves replicas team urges relief for puerto rico57 at comic con,1,0,0.059857532382011414,0.9401424527168274
opening 19 locations post-harvey - #kprc2,1,0,1.9316486941534095e-05,0.9999806880950928
ben carson on housing harvey survivors whereas rebuilding -,1,0,0.47201529145240784,0.5279847383499146
gods blessings are seen in puerto rico everyday. palm trees are starting to come back!,1,0,5.9855839936062694e-05,0.9999401569366455
maldives offers financial assistance to flood hit sri lanka,1,0,0.4357362687587738,0.5642637014389038
army north is proud to be crucial part of the total army effort to help those affected by #hurricanemaria.,1,0,0.31863725185394287,0.6813627481460571
rebuilding puerto rico from the grassroots up via,1,0,0.010897058062255383,0.9891029596328735
latin grammys 2017: los producers charity event will honor puerto rico and mexico,1,0,4.510090366238728e-05,0.9999549388885498
brief oral history of the first 10 days following #hurricanemaria.,1,0,0.07939807325601578,0.9206019639968872
"after irma, . fulton city collecting additional yard waste",1,0,0.3761262893676758,0.6238736510276794
"is your #commercial roof still feeling the effects of irma, #atlanta? let us help:",1,0,0.008711487986147404,0.9912885427474976
thank you and for making it easy to help airport employees impacted by #harvey #irma,1,0,0.015683745965361595,0.9843162894248962
small firm tapped to deal with puerto rico' gargantuan power crisis,1,0,0.0038732141256332397,0.9961268305778503
california' wildfires spouted 500-mile stream of smoke visible from space:,0,1,0.99977046251297,0.00022952094150241464
fun while in new orleans hiding from hurricane irma watch now,0,1,0.9981184005737305,0.0018816683441400528
"couple kiss on damaged pier in humacao, puerto rico. (photo: alvin baez/reuters)",1,0,0.11041776090860367,0.8895822167396545
"use mosquito repellent after #irma. remember to drain pots, garbage cans &amp; other items that hold standing water.",1,0,0.39811262488365173,0.6018874049186707
"drain the swamps created by hurricane maria, why don' you? #helppuertorico",1,0,0.02167254500091076,0.9783274531364441
california woman stole from fire evacuees in santa rosa,0,1,0.999219536781311,0.0007804929045960307
rare crazy picture from hurricane maria,0,1,0.5975653529167175,0.4024346172809601
no injuries at this plant city mobile home fire. home was being rented out by folks who were out of town because of,0,1,0.9042285680770874,0.09577146172523499
collaborative skills helped this artist navigate post-hurricane puerto rico #pagovartslanc,1,0,0.00434153713285923,0.9956585168838501
op-ed contributors: dont let puerto rico fall into an economic abyss #socialmedia,1,0,0.0008280776091851294,0.9991719722747803
and now for something not #irma #harvey #congress or #daca...,1,0,0.003163150977343321,0.99683678150177
alleged eucharistic miracle after earthquake in mexico. is it real?,0,1,0.6612018942832947,0.3387981355190277
via rand paul wants harvey relief to come from spending cuts | #p2 #tcot,1,0,0.104654960334301,0.8953450918197632
"irma missed puerto rico, #hurricanemaria will not",1,0,0.0818680003285408,0.9181320667266846
"forced out by irma, residents finally returning to lower florida keys",1,0,0.23969824612140656,0.7603017091751099
mexicos earthquake generation |,0,1,0.7481884360313416,0.25181150436401367
qatar giving $30 million to help harvey victims in texas read more: #victims #politics,1,0,0.315301775932312,0.684698224067688
"post-irma still with no ac, so changing it up for good night sleep",1,0,0.0016166269779205322,0.9983834028244019
possible small plane crash causes brush fire in california,0,1,0.9897335171699524,0.010266518220305443
celtics giving back today helping local officer clean up after irma. thanks men!,1,0,0.0013844405766576529,0.9986155033111572
#weatherphoto of day: shredded forest from #hurricanemaria humacao pr /20/17 / #puertorico,1,0,0.0021573626436293125,0.9978426694869995
puerto rico government blames jones act for islands slow recovery,0,1,0.7071394324302673,0.2928605377674103
'island destroyed': all power out as maria crushes puerto rico #usrc,1,0,0.006397252436727285,0.9936026930809021
proud of my second period selflessly giving to help those in need in puerto rico! #thetealisreal,1,0,4.581470989251102e-07,0.9999995231628418
"tale of survival from barbuda, along with ways to help the island in need: #travel #irma",1,0,0.011759077198803425,0.9882408976554871
cruise lines sending ships and cash to help caribbean islands after #irma -- - #via,1,0,0.00144520855974406,0.9985547661781311
this is mexico city before the quake and after | by,1,0,0.15340690314769745,0.8465930819511414
army north leads the way for dod in puerto rico,1,0,0.04982718452811241,0.9501727819442749
this woman saved her pony from #california' wildfires in #hondaaccord. #phoenixtowing,0,1,0.9404212236404419,0.0595787949860096
iraq: relief international assisting earthquake-affected communities #humanitarian #newzealand #auckland,0,1,0.9981593489646912,0.0018407030729576945
something to calm irma down more,1,0,0.22961626946926117,0.7703837156295776
breaking hurricane irma news: barron trump seen leading senator marco rubio to safety,0,1,0.9909522533416748,0.009047714062035084
animal rescue group loses out on thousands after paying pilot to rescue dogs in puerto rico,1,0,0.3078967034816742,0.6921033263206482
#repost tiny house after irma #irma #hurricane #mytinyhousetrip #tinyhouse #tiny,1,0,0.03071434237062931,0.9692856669425964
south florida peeps! we need volunteers #hurricanemaria #puertorico,1,0,3.1544639114144957e-06,0.9999969005584717
funny we did not see black lives matter helping harvey' black victims!,1,0,0.008336830884218216,0.9916632175445557
message from the queen to the president of mexico following the recent earthquake.,0,1,0.8092362284660339,0.19076383113861084
orlando magic &amp; solar bears players and staff gather to prepare food bags and hygiene products for needy in afterma,1,0,0.2290358692407608,0.7709641456604004
what do you have that no fire can destroy? couple married for 75 years die side by side in,1,0,0.01755658909678459,0.9824434518814087
ram leaves for relief mission in puerto rico,0,1,0.8191182613372803,0.18088172376155853
13 dogs ready to be adopted from puerto rico in sharonville! story @ 10 metv &amp; @ 11,1,0,2.657557445218117e-07,0.9999997615814209
the matisse that hurricane harvey spared,0,1,0.9072002172470093,0.09279980510473251
officials disagree on puerto rico outage restoration timeline,0,1,0.827585756778717,0.17241421341896057
press all here awaiting #vatf1 arrival. delayed leaving. not landing until 2030. #hurricanemaria #usar,0,1,0.8624081015586853,0.1375919133424759
"in collapsed mexico school, community digs for signs of life #socialmedia",1,0,9.052686073118821e-05,0.999909520149231
north texas group to help kick off next phase of #harvey recovery:,1,0,0.1154445931315422,0.884555459022522
high frequency data shows the dramatic impact of harvey on retail sales,1,0,0.20513048768043518,0.7948695421218872
trending in scuba: hurricane maria relief,0,1,0.8217796683311462,0.17822033166885376
our team in puerto rico working on water supply problems at cruz-garcia and jose-padin schools.,1,0,0.0005842761602252722,0.9994157552719116
democrats hold their fire on #climatechange #irma #harvey via,1,0,0.2112581431865692,0.7887418270111084
#siegetheday much needed &amp; after long week of #irma,1,0,5.266757625577156e-07,0.9999995231628418
"san isidro, puerto rico resident stands on her property. mario tama/getty images",0,1,0.5330846309661865,0.46691539883613586
high school football returns this week in broward after hurricane irma,0,1,0.7936850190162659,0.20631496608257294
praying for renewed spirit of optimism and hope in the shadows of #harvey and #irma.,1,0,7.569374815830088e-08,0.9999998807907104
did hurricane maria cause the oaxaca earthquake? - bustle #clashroyalehack,0,1,0.9994334578514099,0.0005664711934514344
"spoiler alert, the jones act is problematic and needs to be repealed #hurricanemaria #domoregood",0,1,0.5391131043434143,0.4608868956565857
thanks for your partnership helping kids on #dialysis affected by #harvey and #irma.,1,0,0.0011000091908499599,0.9988999366760254
#chive couple films hurricane irmas destruction in saint martin (video) #derangedradio,1,0,0.3483710289001465,0.6516290307044983
"matt has written deeply felt, heartsick retrospective on harvey.",1,0,0.0028833241667598486,0.9971166849136353
1st day for staff...post harvey...not your normal school uniforms! #mvecares #fantabulosity day of learning,1,0,6.236276385607198e-05,0.9999376535415649
"this is the old bimini beach club, aka sunshine inn, aka mackeys bar after irma' south wind",1,0,0.00014100699627306312,0.9998589754104614
heres the island irma left uninhabited 1st time since 1700s,1,0,0.0976940244436264,0.9023060202598572
the epa conveniently doing maintenance on puerto rico superfunds this weekend,1,0,0.00045607847278006375,0.9995438456535339
#earthquake #hurricanes #tornado #flood #tuesdaythoughts #climatechange feel like,0,1,0.958245575428009,0.04175447300076485
so text 515151 and asked how much is needed for efforts in puerto rico and virgin islands. get this back:,1,0,0.08926164358854294,0.9107383489608765
' in downtown st john' for the #hurricaneharvey fundraiser by local musicians #cbcnl,1,0,0.000896586396265775,0.9991033673286438
. mohadjer and explains #iran #iraq #earthquake.,0,1,0.5603566765785217,0.43964335322380066
harvey: another storm of the century counterpunch,1,0,0.03980221226811409,0.9601978063583374
puerto rico resigns following vacation,0,1,0.7931038737297058,0.20689614117145538
if this lede don' make you wanna keep reading:,1,0,0.0408119335770607,0.9591880440711975
"important schedule changes, post-irma:",1,0,0.03572675213217735,0.96427321434021
green energy is proving quite helpful in the wake of #irma &amp; #harvey #greenenergy,1,0,4.3563545659708325e-07,0.9999995231628418
remnants of hurricane maria meant blustery weather round the loch but very pleased to see family of swans back,1,0,0.23314672708511353,0.7668532729148865
taking supplies to all of those affected by harvey! #harvey #relief #donations #appraisalmc #houston,1,0,0.0066864946857094765,0.9933134913444519
not enough rental cars for drivers flooded by harvey - via #insurance,1,0,0.030311353504657745,0.9696886539459229
"harvey, fare war hit united revenue #manufacturing",0,1,0.6231943964958191,0.3768056333065033
#harvey then &amp; now. #maga #harveyrelief #texas #usa,1,0,4.080623909885617e-07,0.9999996423721313
donations are being collected to help students in puerto rico to continue their education.,1,0,0.28856560587882996,0.7114344239234924
"as #harveys waters recede, #water utilities everywhere must think differently via",1,0,0.002370864851400256,0.9976291060447693
using on air in #irma,1,0,0.4573171138763428,0.5426828861236572
together we are stronger #strongertogether #hurricanemaria here is how you can help,1,0,3.617913898779079e-05,0.9999637603759766
the latest: more than 170k without power in florida | details:,1,0,0.3323279619216919,0.6676720976829529
pia' national director in texas: harvey 'didn' discriminate' when wreaking havoc,1,0,0.01502429973334074,0.9849757552146912
4k gallons for puerto rico 578#liveme 1layzea0:,1,0,0.1807052046060562,0.819294810295105
visit tacos libertad &amp; give back to the victims of hurricane harvey! #tacosfortexas,1,0,0.005794812459498644,0.9942051768302917
help #puertorico! join members who already donated $ million today.,1,0,1.2996762052353006e-05,0.999987006187439
only miles outside of san juan. 45 days after #hurricanemaria,1,0,0.032446764409542084,0.9675531983375549
trump on 'massive' push to fix puerto rico' electric grid #politics,1,0,0.18675364553928375,0.8132463693618774
"trump, congress agree on harvey aid, debt limit, cr thru dec.15 #tradig #forex",1,0,0.18334351480007172,0.8166564702987671
"#startup after harvey havoc, indian-americans rise to the occasion in texas",1,0,4.929404894937761e-05,0.999950647354126
my bookcases damaged at base but fine upper. can it be restored? #help#restore #houston #harvey,1,0,0.004415448755025864,0.9955845475196838
let' keep building the stack! bring you hurricane harvey donations to jbk 133. #wtamu #gobuffs #wtamuc2c,1,0,0.34591561555862427,0.654084324836731
mexico withdraws harvey aid offer after silent treatment from trump,1,0,0.024785421788692474,0.9752146005630493
"beaumont, texas, still reeling after harvey videos",1,0,0.0026171531062573195,0.9973828196525574
insights of wildfires in california - nyc data science academy blog,1,0,0.002921266946941614,0.9970787763595581
"after backlash, fema once again has puerto rico power, water stats on main website",1,0,0.10409791022539139,0.8959020972251892
dropped off our donation for harvey relief to they will distribute to victims and volunteers,1,0,0.11155878752470016,0.888441264629364
documents prove government used 'cloud seeding' to amplify hurricane harvey,0,1,0.9967484474182129,0.0032515190541744232
clemente museum holding open house to help puerto rico #hurricanemaria,1,0,0.000859169929753989,0.9991408586502075
everly isbe wildfires in california? no such thing!,0,1,0.8593370914459229,0.14066296815872192
#pray for #houstonfd many still need to be rescued. #harvey,1,0,0.006694045849144459,0.9933059811592102
fema insurance chief: harvey losses could top $11 billion,1,0,0.2883124053478241,0.7116876244544983
"we keep talking about it, this is why #irma' surge threat is the real deal. #flkeys",1,0,0.014165373519062996,0.9858346581459045
inside month of the hurricane maria nightmare #socialmedia,1,0,0.08394947648048401,0.9160504937171936
phillys puerto rican day parade takes on different tone in wake of hurricane maria,0,1,0.9463614821434021,0.05363850295543671
virgin mary statue started crying after mexico earthquake that killed 343,0,1,0.9998515844345093,0.0001483946543885395
"small power company lands $300m puerto rico contract #economy #money, #luxury, #wealth #news",1,0,7.806331268511713e-06,0.9999922513961792
"the california wildfires arent just bad news for wineweed is in danger, too",0,1,0.9958806037902832,0.004119386896491051
why hurricane harvey could be good for stocks,1,0,0.3391956388950348,0.6608043313026428
#drones help #california #firefighters,0,1,0.5817677974700928,0.41823214292526245
people in houston walking home like #harvey,1,0,0.0001590422762092203,0.9998409748077393
#money #irma cnnpolitics michael flynn' family sets up legal defense fund cnn poli,1,0,1.8404431102680974e-05,0.9999816417694092
the fiscally responsible hurricane response republicans won' talk about,0,1,0.6784523129463196,0.32154765725135803
10:30 puerto rico deals with another storm: presidential twitter tantrum #lssc,1,0,0.002324789995327592,0.9976752400398254
eerily reminiscent of irmas spaghetti model dumpster fire..,1,0,0.004658058285713196,0.9953420162200928
hands of hope this lady is doing amazing work for victims of #hurricanemaria and the #mexicoearthquake,0,1,0.8419010639190674,0.1580989807844162
market st is gone! #harvey,1,0,0.0005826245178468525,0.9994174242019653
"tweet from: vp, via: twitter web client",1,0,0.0023832563310861588,0.9976167678833008
"#travel - eden rock hotel owned by pippa' in-laws ruined by irma, eden rock hotel on st...",1,0,0.0008574381354264915,0.9991425275802612
hoosiers helping houston. thank you. prayers too. #harvey and now #irma,1,0,0.009581252932548523,0.9904187321662903
op ed: will walker learn from hurricane harvey?,0,1,0.6976054310798645,0.3023945987224579
"nov 4th worcester fundraiser at elm park to raise $$ to help utuado, puerto rico.",1,0,0.00011806051770690829,0.9998819828033447
lee young ae revealed to have made donation for sri lanka flood relief,1,0,0.026196153834462166,0.9738038182258606
"then, there' this roof of ones mobile home wrapped around cement light pole. #irma in #naples.",1,0,0.001275931834243238,0.9987240433692932
lightroom tip on impromptu slideshows did not know (and brief hurricane irma upd,1,0,0.06143888831138611,0.9385611414909363
house republicans seek $ billion in medicaid funds for puerto rico,1,0,0.1766609102487564,0.82333904504776
come for half priced burgers and pizzas and support the people of puerto rico tonight!,1,0,7.600406388519332e-05,0.9999239444732666
get started: tax help for small businesses hit by harvey and irma usa today,1,0,0.02041236311197281,0.9795876741409302
what would hurricane harveys rain do to saucon valley area? #community #family,0,1,0.7758603096008301,0.2241397202014923
"stand in solidarity with #rohingya made homeless by cyclone mora june , 2017",0,1,0.9596121311187744,0.0403878316283226
"'rocket man' takes strikes at - &amp; destroys mexico, mexico city! #trump #harvey #irma #maria #rocketman",1,0,0.02017749473452568,0.9798224568367004
harvey destroyed dairy treet. ' officially pissed2,1,0,0.06508911401033401,0.9349109530448914
"whoa! is about to pull off one more last-minute inbound flight to san juan before #hurricanemaria, as they",1,0,0.1237914115190506,0.8762086033821106
thank you very much to all those who supported for the devastating floods in sri lanka #floodsl #lka,1,0,0.25748199224472046,0.7425180077552795
me: wonder whats on the internet today minutes later: hurricane harvey,1,0,0.22513830661773682,0.7748616933822632
we urge homeowners dealing with losses caused by #irma &amp; #harvey to be vigilant with their insurance companies,1,0,0.09845852106809616,0.9015414714813232
barbuda is empty for first time in 300 years after irma cnn,1,0,0.07110865414142609,0.9288913607597351
ricky martin shares intensely moving photos as he helps rebuild puerto rico,1,0,0.0013455105945467949,0.9986544847488403
military response in puerto rico delays deployments to afghanistan #military,0,1,0.9913964867591858,0.008603479713201523
colbert' celeb awkward-photo campaign raises $ million for puerto rico aid,1,0,0.00048461969709023833,0.9995154142379761
rookeries take hit from harvey,1,0,0.012554582208395004,0.9874454736709595
us gas prices climb after harvey hits,1,0,0.08525599539279938,0.9147440195083618
part of the proceeds from the kardashian-jenners latest clothing sale will go to puerto,1,0,0.00028703600401058793,0.9997128844261169
donate to the one america appeal and help millions of americans impacted by harvey &amp; irma #oneamericaappeal,1,0,0.08236522972583771,0.9176347851753235
please support #floodsl #lka #deniyaya,1,0,0.0004247438337188214,0.9995751976966858
our little town of nome. #hurricaneharvey #texasstrong,0,1,0.7357280850410461,0.26427188515663147
we have seen cyclone mora already,0,1,0.8025510907173157,0.1974489539861679
"microsoft ups donations to hurricane harvey first responders, standing by to do more -",1,0,0.15865907073020935,0.8413408994674683
cleaning up after irma and this is what have to see online. :( didn' we have enough already?,1,0,0.015395302325487137,0.9846047759056091
"ready for the rest of your shit, harvey. #hurricaneharvery",0,1,0.7521570324897766,0.2478429675102234
#hurricane #harvey: star-studded #benefit #concert for #vict... - - #starstudded,1,0,3.5324170312378556e-05,0.999964714050293
"hurricane irma shows donald trump isnt americas only problem, writes",0,1,0.500449538230896,0.4995504319667816
"in the wake of #harvey and #irma, will the us invest in more resilient cities? via",1,0,0.0004003802896477282,0.9995996356010437
tubbs #fire #santarosa now ranks #californias most:,1,0,0.03388887643814087,0.9661111831665039
stopped by and spoke to our guys about llego boston' efforts to benefit #hurricanemaria victims.,1,0,0.05109920725226402,0.9489007592201233
farmers affected by harvey. #farmstrong #helpforfarmers,1,0,0.0031719226390123367,0.996828019618988
"oops, electrocuted my finger 20 minuets ago and it' still tingling'twas an after irma casualty!",1,0,0.0028395121917128563,0.9971605539321899
mccarthy visits hurricane harvey survi.. #bakersfield,0,1,0.9984448552131653,0.0015552117256447673
hurricane irma?? whats the connection to priest singing tolucifer??,0,1,0.9853454232215881,0.014654647558927536
what' happening: harvey damage testing texasinfrastructure,1,0,0.35105085372924805,0.6489490866661072
enrique hernandez' record night earns puerto rico $1m donation from dodgers owner.,1,0,7.667905447306111e-05,0.9999233484268188
"icymi: liberty, vcu to play exhibition on oct. 26 to benefit hurricane maria relief",1,0,0.05114179477095604,0.9488582611083984
"m5. #earthquake - 119km ssw of tres picos, mexico - broadband ew-component #fordham seismic station #bronx #nyc",0,1,0.9998077750205994,0.00019219853857066482
woman donates 30 litres of breast milk to texas flood victims,1,0,0.45463886857032776,0.5453611016273499
"puerto rico still in ""emergency situation,"" but on the road to recovery, three-star says.",1,0,0.29771527647972107,0.7022847533226013
"learn how hospitals &amp; healthcare facilities can prevent, identify &amp; stop #mold after #harvey &amp; #irma.",1,0,0.0015819293912500143,0.9984180927276611
. what' going on in #puertorico post #hurricanemaria needs more attention. fix this!,1,0,0.000613149837590754,0.9993867874145508
#hurricanemaria avoiding #trump like.... #swerve,1,0,0.004551805555820465,0.9954481720924377
it looks like hurricane irma did to necker island what virgin care is doing to nhs england,0,1,0.982417643070221,0.017582284286618233
small island brush #fire pops #anaheim hills #burn area:,0,1,0.9321923851966858,0.0678076520562172
women' march wants harvey donations to go to non-whites,1,0,0.014286727644503117,0.9857132434844971
christine goodall from the picking up cash &amp; check donations made during broadcast during,1,0,0.000349263398675248,0.9996507167816162
"/ this is woodloch, small town on the outskirts of the woodlands that has barely begun recovering from #harvey.",1,0,0.0009478379506617785,0.999052107334137
couple of 55 years braved fires in pool. she died in his arms. #usrc,1,0,0.00325005897320807,0.996749997138977
could rare brain-eating amoeba thrive in irma' aftermath?,1,0,0.026576433330774307,0.9734235405921936
explore the technique uses to help reduce their wildfire risk.,0,1,0.9468978643417358,0.05310211330652237
most of puerto rico has been in the dark for more than 22 days.,1,0,0.1589841991662979,0.8410158157348633
two wildcat ' thinking about ' in texas. help chs help harvey victims...donate.,1,0,0.14980246126651764,0.8501974940299988
post-harvey/irma forecast revisions via,1,0,0.051784664392471313,0.9482153654098511
. provides continuous power for #safewater #relief #dominica #hurricanemaria,1,0,0.0002333014999749139,0.9997666478157043
so many people are affected by harvey! help by donating gift card! #giftcardsforharvey,1,0,0.00042385098640806973,0.9995761513710022
"#leptospirosis cases rise in #puertorico, may become more prevalent - outbreak news today...",0,1,0.8140990734100342,0.1859009563922882
"people continue to commit to serve, give and go. #harvey #isaiah6: #sendme",1,0,1.835185321397148e-05,0.9999816417694092
sauce walka unbothered by hurricane harvey - click link to view &amp; comment:,1,0,0.10077091306447983,0.899229109287262
"game issued, signed us soccer jerseys to benefit harvey relief",1,0,0.15345273911952972,0.8465473055839539
"how cleanup businesses are facing irmas demands | jax daily record | financial news &amp; daily record - jacksonville,",1,0,0.039476074278354645,0.9605239033699036
just got my power back on and now we #maria taking exact path as #irma guess 'll leave the generator out.,1,0,0.0277415681630373,0.972258448600769
central florida football just excited to play again after hurricane irma #sports,1,0,0.13250643014907837,0.8674935698509216
#maria resources and news can be found at,1,0,0.03307327255606651,0.9669267535209656
harvey: the jaw-dropping numbers behind the monster storm #usa #unitedstates #news,1,0,0.005213763564825058,0.994786262512207
"one restaurant donated ,000 falafel sandwiches to the earthquake victims #kermanshah #iran",1,0,0.07611990720033646,0.9238801002502441
did local indian mounds save tampa bay from irma' worst? some say yes #indigenous #tairp,1,0,0.034183237701654434,0.9658167362213135
new activation [#emsr244]: earthquake in central mexico #copernicus #earthquake #eucivpro,0,1,0.9989849925041199,0.0010150326415896416
northern california wildfires deal crippling blow to region' economy,0,1,0.999594509601593,0.00040550148696638644
harvey survivors: dont toss your memories #saveyourphotos,1,0,0.00019676826195791364,0.9998032450675964
update #azulxmxico #sorteocapicastillo #cruzazul #los35azules #mexicoearthquake,0,1,0.9472402334213257,0.0527598075568676
unexpected success getting return for tom phillips #irma tonight. gallery looking good,1,0,2.701895482459804e-06,0.9999972581863403
jea ceo paul mcelroy says this was the largest mobilization of utility workers in the history of the country for ir,1,0,0.32568684220314026,0.6743131279945374
south high students promote their texas flood fundraiser hope for harvey on kgab.,1,0,0.01495332084596157,0.9850466251373291
mine with recent earthquake in mexico city fortunately that was all!,0,1,0.9574989676475525,0.042501047253608704
come to dream valley til 12:30 to help pack backpacks for kids in puerto rico! its so easy! #df17,1,0,2.0672946448030416e-06,0.9999979734420776
here' why fema initially left jefferson co. off flooded housing list: #setxnews #harvey,1,0,0.012484443373978138,0.9875155687332153
do homeowners suing over reservoir releases have case? #harvey #hounews,0,1,0.5697974562644958,0.4302026033401489
"any #florida ppl /landscape&amp; arbor or heavy equipment exp who want to help cleanup after #irma and get paid, apply",1,0,0.4122885763645172,0.5877114534378052
"competition for trucks, better pay from irma could slow harvey debris removal",1,0,0.46218520402908325,0.5378147959709167
getting ready for harvey,1,0,0.10405846685171127,0.8959414958953857
elon musk: solar power is paramount to fixing puerto ricos power company abc news,1,0,0.02080078423023224,0.979199230670929
#gozone: putting #nmtc to work to rebuild after #harvey #irma #makenmtcpermanent,1,0,0.00272867688909173,0.9972713589668274
"don' care if it' hurricane irma, hypothermia, or even rae sremmurd. ' just here to throw picks.",0,1,0.9748880863189697,0.025111941620707512
#military #photo of the day: real-life #american heroes helping after harvey -,1,0,2.1628354716085596e-06,0.9999978542327881
"welcomes displaced college students from puerto rico, .. virgin islands",0,1,0.952271044254303,0.047728996723890305
celebrity golf tournament and gala helps hurricane harvey victims,1,0,0.2595529556274414,0.7404471039772034
join us oct 1st 10:00am- 6pm show your support and love for victims of mexico' earthquake,1,0,0.4332631528377533,0.5667368173599243
group fitness schedule for today come work off those hurricane snacks! #irma #owlsmove,1,0,0.010133137926459312,0.9898668527603149
texas could seek $50b in federal housing aid after harvey,1,0,0.3705303370952606,0.629469633102417
good evening twitter world. thoughts wyith everyone effected by irma.,1,0,0.00017123599536716938,0.9998286962509155
#firstalertwx #irma by the #' - 37 hours cat. - longest on record ever(!),1,0,3.5375330753595335e-07,0.9999996423721313
"puerto rico needs water, but trump claims success",1,0,0.05635136738419533,0.943648636341095
lessons learned from irma - lot of the problems were our own making. #timbryce,1,0,0.0005277354503050447,0.9994723200798035
how to rebuild post-harvey houston with an entrepreneurship ecosystem #leadership,1,0,4.798128065885976e-05,0.999951958656311
+ more boats where they shouldn' be (dinner key marina) #irma #coconutgrove,1,0,1.2958816114405636e-05,0.999987006187439
first data: tech with human touch for smbs hit by harvey #cards #payments,1,0,7.141609614791378e-08,0.9999998807907104
with talking puerto rico response for impact.,0,1,0.7989470958709717,0.2010529488325119
national news: puerto rico' long recovery,1,0,0.021992813795804977,0.9780071377754211
"ray of light: cus, organizations offer aid to #harvey victims :: #creditunions",1,0,0.011090130545198917,0.988909900188446
program to issue id cards to flood victims read more: #lka #srilanka,1,0,0.0002887740556616336,0.9997112154960632
"rbc donates us$100,000 to relief efforts for countries affected by #hurricanemaria #mycompany",1,0,0.08311721682548523,0.9168827533721924
back to school for many students today after irma. feeling bit less humid at the bus stop. are you glad to get ba,1,0,0.0018679811619222164,0.998132050037384
omg dam its about to burst and they are trying to get people out. #puertorico #hurricanemaria,0,1,0.7824491262435913,0.21755088865756989
flood risks will be mitigated considerably by 2020 - patali read more: #lka #srilanka,1,0,0.07419460266828537,0.925805389881134
giant sinkholes weighing down puerto rico,0,1,0.998228132724762,0.001771886134520173
my shutters are pounding against my window cant sleep and another tornado warning happened,0,1,0.9996256828308105,0.00037424557376652956
we are supporting puerto rico hurricane relief - visit us &amp; enjoy some beer for good cause!,1,0,0.0011658663861453533,0.9988341927528381
"7d help us, help puerto rico. bring your donations to gates , , or 10 before our game saturday!7d",1,0,0.07747934758663177,0.9225206971168518
25 #hurricaneharvey shelter dogs are looking for bc homes. can you help them find home?,1,0,0.03304660692811012,0.9669533967971802
these rainfall numbers are staggering! #prayersforpuertorico #hurricanemaria,1,0,0.003845618572086096,0.9961543679237366
key messages for #hurricanemaria,1,0,0.01372915506362915,0.9862707853317261
your health needs more attention during #harvey and #irma. heres why:,1,0,0.0002687128144316375,0.9997312426567078
irma infographic (pic) and add' funny feedback (re corndogs &amp; port--potties) on our facebook page:,1,0,0.0015934789553284645,0.9984065890312195
yeeess finally. no coffee since irma cane through. now let there be light!,1,0,0.00012819886615034193,0.9998717308044434
"pentagon removes two ships from puerto rico that are ""no longer needed""",0,1,0.7385262846946716,0.2614736557006836
"harvey volunteers asked to track hours worked for fema purposes, per houston mayor",1,0,0.03745311126112938,0.9625469446182251
scott fisher says: #harvey update. #austin #texas #weather.,1,0,8.131593858706765e-06,0.9999918937683105
message from puerto rico. the us is doing great work.,1,0,0.0015868926420807838,0.9984130859375
clovis fire destroys shopping center storefronts #fre #california #cawx,1,0,0.18340526521205902,0.8165947198867798
"environmental impact of harvey still unknown, expected to be ""dire"" via #tceq",1,0,0.0005805159453302622,0.9994194507598877
students from puerto rico attend bay district schools after families displaced,1,0,0.09723241627216339,0.902767539024353
here' what the is doing vs. americans affected by #hurricanemaria,1,0,0.27091184258461,0.7290881872177124
tukish aid to iraqs earthquake.,0,1,0.9989246726036072,0.0010752558009698987
only 18% of puerto rico currently has power &amp; its been month since maria made landfall.,1,0,0.061288606375455856,0.9387114644050598
#mondaymotivation #nationalcupcakeweek #housingday the irma-hit caribbean islands are now preparing fo... shout it,1,0,5.467983100970741e-06,0.9999945163726807
please accept my heartfelt sympathy on the passing of your dears #earthquake#kermanshah#iran,1,0,0.0005607333150692284,0.9994392991065979
#seniorliving companies launch #harvey relief efforts as #irma looms.,1,0,5.73877969145542e-06,0.9999942779541016
us mainland not out of the woods yet #socialmedia,1,0,0.00037840873119421303,0.9996215105056763
atsc offers solutions to all of your property damages caused by #hurricanemaria 24/ 7876611730 #islaverde #condado,1,0,0.48140376806259155,0.5185962319374084
hundreds of gourmet meals delivered to people affected by harvey ... - abc news,1,0,0.11626912653446198,0.8837308287620544
#helpmehoward: your legal rights before and after hurricane irma,1,0,0.32966184616088867,0.6703381538391113
god is our refuge from the storma prayer #harvey #irma #wildfires #puertorico #usa,0,1,0.9658419489860535,0.03415808081626892
texts saved california couple from wildfires - - #britain #today - #britaintoday #uk #news,1,0,0.20438246428966522,0.7956175804138184
exclusive: 'star wars' star diego luna urges fans to help mexico after devastating earthquake: we need you,1,0,0.0801684558391571,0.9198315739631653
hope was just 10 days old when her family was rescued following #harvey. (photo by noelle mills),1,0,0.03568703681230545,0.9643130302429199
-my mom in puerto rico is using lawn lights &amp; an inverter. please dont stop reporting on pr.,1,0,0.002012956654652953,0.9979870319366455
jsxfr oj pulp pin drop 10.29.17 - pm pst 50% of profits will be going towards puerto rico relief efforts,1,0,0.033010657876729965,0.966989278793335
lauren billys collecting supplies for puerto ricos horses - eventing nation - three-day...,1,0,3.70907255273778e-05,0.9999629259109497
chipotle restaurants in sacramento to donate proceeds to fire... via,1,0,0.33255091309547424,0.6674491167068481
my kids and tried to escape hurricane harvey it was impossible #fitnessworldabs,1,0,0.10980184376239777,0.8901981711387634
"very sad update: mike grabow, 40, confirmed dead in #tubbsfire #rip",1,0,0.37859630584716797,0.621403694152832
"in harveys wake, will abbott still deny climate change?",1,0,0.31289538741111755,0.6871045827865601
"celtic fc foundation donate 10,000 after mexicos earthquake #hailhail",1,0,0.006940596271306276,0.9930593967437744
#summerlandkey (map dot ) #irma #coastal damage before/after air photos. arrow marks reference point,1,0,0.07651687413454056,0.9234831929206848
sneak peek of the harvey video ' working on + reference images. colored by huephoric,1,0,0.00013806858623865992,0.9998619556427002
this picture was taken days ago. it' puerto rico. enough said.,1,0,0.007447400130331516,0.992552638053894
"as we come back to reality after the storm, of our journalist shares her experience /",1,0,0.009107310324907303,0.9908926486968994
"#money #irma business american tourists attacked with acid in marseille, official says",0,1,0.7678453326225281,0.2321546971797943
cleaning up some trees from the tornado last week #chainsaws #getitdone,1,0,0.0022377411369234324,0.9977622032165527
"week after harvey' deluges, houston is trying to re-open for business #unitedstates",1,0,0.0010646512964740396,0.9989354014396667
maybe pictures will let people know just how us locals are faring with #hurricanemaria? right in front of my house.,1,0,0.0020284911151975393,0.9979714751243591
photo of #stmaarten after #irma...speedy recovery please.,1,0,0.0010269294725731015,0.9989731311798096
"ufc star, henry cujedo, burned while escaping from california wildfires -",0,1,0.9681528806686401,0.03184710070490837
forgotten in life and death: inequality for mexico' invisible underclass after quake,1,0,0.2247861623764038,0.7752138376235962
fllac students and staff pitch in to help puertorico,1,0,0.05868150293827057,0.9413185119628906
"some swell lingers from the remnants of #jose, but new swells arrive tonight as #hurricanemaria moves north. #wcvb",1,0,0.3433383107185364,0.6566617488861084
market extra: why harvey and irma wont change the feds rate-raising timeline #business,1,0,0.001864205813035369,0.9981358051300049
"6th graders working on publicity for their ""bring hope to harvey victims"" campaign. #trojanforce322",1,0,5.6655695516383275e-05,0.9999433755874634
"in irma-devastated virgin islands, resolve blends with worry of being forgotten",1,0,0.28346455097198486,0.7165354490280151
"punta gorda, fl irma approaching - /10/2017",1,0,0.09689372777938843,0.9031062722206116
#google is sending high-altitude balloons to bring internet back to puerto rico,1,0,0.012894815765321255,0.987105131149292
family reunited after hurricane maria,0,1,0.9519876837730408,0.04801226407289505
trump lashes out about san juan mayor' 'poor leadership ability' post-maria #hurrican...,1,0,0.014134733937680721,0.9858652353286743
please keep praying for our bible society colleagues in the caribbean #prayer #irma,1,0,1.4210877452569548e-06,0.9999985694885254
"sheltering #homeless during irma brings criticism, mess:",1,0,0.03703148663043976,0.9629684686660767
heroes in this galaxy: diego lunas charity movement for mexico city earthquake recovery,0,1,0.9822189807891846,0.017780963331460953
trump denies puerto rico request to use food stamps to buy desperately needed hot meals:,1,0,0.17908693850040436,0.8209130167961121
"glen cove park, kemah, texas #houstonflood #kemah #texas #hurricaneharvey",0,1,0.9906696081161499,0.009330416098237038
our planet right now (via living earth app #quartadetremurasdv #harvey2017 #harvey,1,0,1.6197722061406239e-06,0.9999983310699463
federal loans an early step to help cities in harvey' wake #usnews #usrc #usnews,1,0,0.008767741732299328,0.9912322163581848
"at mexican school hit by quake, heartbreak and moments of joy",1,0,0.0018447487382218242,0.9981552958488464
"hoping that maria, just like irma, will not touch the dominican republic. fingers crossed!",1,0,0.006122023798525333,0.9938779473304749
feds can dip into retirement accounts for harvey recovery,1,0,0.07517853379249573,0.9248214960098267
"puerto rico, electricity, and helplessness",1,0,0.3963926136493683,0.6036073565483093
latest: #hurricanemaria still cat . latest track takes hard right turn by thurs.,1,0,0.00025504021323285997,0.9997449517250061
water drive to donate to victims of harvey happening now until at the corner of milton and miami in south bend!,1,0,0.054346390068531036,0.9456536769866943
tesla just set up solar power system for puerto rico hospital.,1,0,0.028650688007473946,0.9713493585586548
oooooooohhhhhh who lives as colony under the sea? puerto rico!,1,0,0.006497672758996487,0.9935023188591003
"monica puig: 'help puerto rico,' it' 'in crisis now' #socialmedia",1,0,0.014245998114347458,0.9857540130615234
"follow me - donald trump, iran earthquake, ...: your monday briefing - followforfollow",1,0,0.2520541250705719,0.7479459047317505
irma-related insurance claims now valued at more than $ billion via #flapol,1,0,0.4820649027824402,0.5179351568222046
just in: president trump approves california disaster declaration for areas affected by wildfires,0,1,0.9981295466423035,0.0018704908434301615
whats happening in puerto rico after hurricane maria is environmental injustice,0,1,0.9802701473236084,0.01972980797290802
maldives presents disaster relief to flood-hit sri lanka #maldives #news,1,0,0.1974620223045349,0.8025379180908203
#container homes have no #design limitations. #harvey #irma #architecture,1,0,5.225841164246958e-07,0.9999995231628418
#georgia residents affected by #irma may register for assistance: | #savannah,1,0,0.04010495916008949,0.9598950147628784
you can support #mexicoquake victims right now,1,0,0.2959955334663391,0.7040044665336609
"how to help puerto rico after #hurricanemaria? | phone numbers, website for aid -",1,0,0.050072167068719864,0.949927806854248
help people replace #books lost to #harvey #flooding. everything helps!,1,0,1.5938199794618413e-05,0.9999840259552002
"mexico, post-earthquake #eventprof",1,0,0.06228778511285782,0.9377121925354004
floridians this week after cracking jokes and memes about harvey,1,0,0.00308066513389349,0.9969193935394287
why hurricane irma and maria didnt hit las terrenas,0,1,0.9898431897163391,0.010156855918467045
folks at khou in houston had to move to their 2nd floor bc of flooding... #harvey,1,0,0.028875574469566345,0.9711244702339172
after the flood: can tourism save the day for sri lanka?,1,0,0.004614099394530058,0.9953859448432922
"low pressure scooping up harvey' leftovers, tracking the rain on all morning!",1,0,0.00946133490651846,0.9905385971069336
pizza hut workers paddle through harvey floodwaters to deliver free pies,1,0,0.42421844601631165,0.575781524181366
watch: men film their narrow escape from raging california wildfire #heatwave #wildfires,0,1,0.9997765421867371,0.00022341676231008023
#hatsforharvey everyone who wore hats today at lses donated to the victims of #hurricaneharvey #missmooressmores,1,0,0.38322558999061584,0.6167743802070618
this was inevitable. we never learn. how washington made harvey worse,1,0,0.26753389835357666,0.7324661612510681
spring man who survived harvey' wrath shares hope of rebuilding,1,0,0.4420050084590912,0.5579950213432312
"houston was built for cars. what happens when #harvey destroys 250,000 vehicles?",1,0,0.30772483348846436,0.6922751665115356
"harvey, katia, and irma sure did churn up and absorb much of the warmer water.",1,0,0.008691012859344482,0.9913089275360107
"hurricane maria competes with irma, for the title of most vicious storm.",0,1,0.9779812693595886,0.022018680348992348
#hurricaneharvey &amp; #houston' myth of the wild west,1,0,0.41982346773147583,0.5801765322685242
"tubbs fire victim michael dornbach, 57, remembered as 'fragile, stubborn, beautiful man.'",1,0,0.0782245397567749,0.9217754006385803
businesses underwater after harvey photo essay,1,0,0.0005670851096510887,0.9994328618049622
stocks rise in #asia as #northkorea and #irma fears fade away. #globalmarkets,0,1,0.9643937945365906,0.03560619056224823
'horror no one could have imagined' in ca from the weather channel iphone app,1,0,0.0035855525638908148,0.9964144229888916
the jea crew is one of the crews still going strong in puerto rico. there' no stopping until the job is finished.,1,0,0.00399956526234746,0.996000349521637
atlanta loves its urban forest despite damage wrought by irma:,1,0,0.3614851236343384,0.6385148763656616
"got totally inappropriate response for my complaint about the mexico earthquake coverage. seriously,",0,1,0.6134780645370483,0.3865219056606293
remnants of harvey in fort morgan al,1,0,0.32360246777534485,0.6763975620269775
"disneyland during raging wildfire. california, october , 2017. kennya boulter via reuters",0,1,0.9994522929191589,0.0005476631922647357
sunday' simply smart travel column from finds #irma refuge in cedartown ga,1,0,1.240351139131235e-06,0.9999988079071045
irma? harvey?we need to talk about infrastructure. now. via,1,0,0.007437790744006634,0.9925622344017029
here are two ways to support #mexicoearthquake survivors: . #prayformexico . donate:,1,0,0.023668156936764717,0.9763318300247192
cristiano ronaldo sends ' huge hug' to those affected by mexico earthquake,0,1,0.9110267758369446,0.08897316455841064
"in puerto rico, mobile tech isn' enough to restore commerce after maria",1,0,0.015836196020245552,0.9841638207435608
"lots of backyard work can be time consuming, but linemen do #whateverittakes to get the lights back on! #irma",1,0,6.568177468579961e-06,0.9999934434890747
[author: bossip-staff] justin sullivan/getty images woman lets harvey victims move into...,1,0,0.004692384507507086,0.9953076243400574
sport - houston returns to football as harvey recovery continues - #sport,1,0,0.0011128898477181792,0.9988871216773987
frontier communications has established hotline for its business customers - 800-921-8102 #harvey #irma #b2b,1,0,4.254688246874139e-05,0.9999574422836304
rain totals from #harvey across the houston area. consistent 18 inches plus across much of the area.,1,0,0.023898882791399956,0.9761011004447937
#robert clergerie womens irma combat boot,1,0,0.010412763804197311,0.9895871877670288
what has the united states done? what can we do? #mexicoearthquake,0,1,0.9114610552787781,0.08853890746831894
potter gray elementary teacher from houston gives to harvey victims bowling green,1,0,0.004710508976131678,0.9952894449234009
beyonc leads prayers for mexico city following earthquake.,0,1,0.9998666048049927,0.00013343172031454742
plus harvey. but global warming is not real according to scientists in the age of trumpiland.,1,0,0.28366509079933167,0.716334879398346
boobie juice and will post from time time... we got hit by harvey and clean' up,1,0,0.00018430454656481743,0.9998157620429993
dems want probe of no-name firm contracted to fix puerto rico power grid via,1,0,0.3104351758956909,0.6895647644996643
#marathonfl sunken boat lays on its side after #irma. #floridastrong,1,0,0.0003492955584079027,0.9996507167816162
#hurricaneirma came she tried to take my tree it was must stronger than she it will come back someday #tornado,0,1,0.9322215914726257,0.06777837127447128
channel investigates collects water samples in some areas during harvey #kprc2,1,0,0.47808656096458435,0.5219134092330933
playing &amp; today at 2pm at in support of puerto rico relief!,1,0,0.1323205679655075,0.8676793575286865
flew through the very outer edge of hurricane marias cloud cover. no desire to fly any closer...,0,1,0.9910240173339844,0.008976032957434654
fans come together to help boy who lost all of his baseball memorabilia in the california,1,0,0.011813504621386528,0.9881864190101624
wow. talk about horsepower-- nurse fleeing #californiawildfires takes her horse with her...,0,1,0.7252374291419983,0.2747625410556793
#mary #threatens to #repeat the #wake of #destruction left by #irma,1,0,0.35583701729774475,0.6441630125045776
"update on my mom in dr and maria. same path as irma, eye bit to her north. should be strong winds, some rain but",0,1,0.8586995005607605,0.1413005292415619
tale of two storms - #anthonybuttigieg #irma #jose #caribbean,1,0,0.0005736275343224406,0.9994263648986816
garbage picking post-harvey: why it' bad idea - #kprc2,1,0,1.673834958637599e-05,0.9999833106994629
irma sparked #florida consumer spending roller-coaster ride #irma,1,0,0.0025961713399738073,0.9974038004875183
sodel concepts oct. 27 fundraiser to benefit california wildfire relief efforts #netde,1,0,0.12496638298034668,0.8750336170196533
polycarbonate supplies might be tight after harvey - plastics news,1,0,0.017983773723244667,0.9820161461830139
#tesla begins making good on #elon #musks promise to help puerto rico rebuild its,1,0,0.00017197724082507193,0.9998279809951782
puerto ricos control board to impose emergency manager to run energy company,1,0,0.4127371311187744,0.5872628092765808
"in the wake of irma, the lowcountry has much to thank god for",1,0,0.048268724232912064,0.951731264591217
#wildlife #wildlife wildlife center rescues baby animals orphaned by irma - the northwest florida daily news,1,0,0.00591999152675271,0.9940800070762634
houston is still recovering from harvey videos,1,0,0.052732788026332855,0.9472671747207642
yet again! flotus melania trump wears heels to meet with #hurricaneharvey victims| photos -,0,1,0.9837145209312439,0.01628546603024006
oped | my mother is from puerto rico. now she faces an uncertain future.,1,0,0.017552528530359268,0.9824474453926086
"some scenes from port aransas, tx today, over weeks after #harvey hit:",1,0,0.060805536806583405,0.9391945004463196
"hurricane maria: words, pictures slowly trickle out of puerto rico --&gt;",0,1,0.7740575671195984,0.225942462682724
"had heart attack waiting to hear back from my dad in najaf (iraq), about the earthquake alhamdulillah",0,1,0.9979389309883118,0.00206105993129313
mission accomplished in #georgia! our proud teams are coming home to quebec. #irma #solidarity,1,0,2.620036241296475e-07,0.9999997615814209
week after irma and walmart still cleared out,1,0,0.011678328737616539,0.9883217215538025
there' been lot of #wildfires up north. what does that mean for your flower:,1,0,0.0825454443693161,0.9174545407295227
these united states shall weather any storm. #neverforget #september11 #irma #florida #harvey #texasstrong #911day,0,1,0.7436308860778809,0.25636908411979675
riverview mobile home communitys irma-induced tribulations mirror the last week| tampa bay times,1,0,0.000296026817522943,0.9997039437294006
protect your lungs...it' going to be dangerous few days,1,0,0.20004978775978088,0.7999501824378967
. has resource page for #maria information and #safety tips. go to,1,0,0.012109092436730862,0.9878908395767212
heartbreaking 54fb#earthquake #iran #praying #help #sadnews #humanity,0,1,0.9139057993888855,0.08609418570995331
new york city news search (hurricane maria latest) new york city news &amp; search -,1,0,0.11914771050214767,0.8808522820472717
"after irma, saint-martin, saint barthelemy brace for jose",1,0,0.0016221993137151003,0.998377799987793
ny hospital and physician groups gear up to help puerto rico #puertorico #physician,1,0,0.00024002944701351225,0.9997599720954895
-year-old uses birthday money to help harvey victims #tisnews click link-,1,0,0.1984817236661911,0.8015183210372925
new york forms task force to provide pro bono legal aid to harvey victims,1,0,0.13918012380599976,0.8608198761940002
we stand with our gallagher family and everyone affected by #harvey.,1,0,0.03083121031522751,0.9691688418388367
mora' skyline,0,1,0.5414254069328308,0.4585745632648468
#tickling #bondage #footworship #licking hurricane maria in revenge of the tongue tickles!,1,0,0.001575624686665833,0.9984244108200073
#money #irma business lawmakers subpoena new jersey transit over rail-safety project,0,1,0.5911146402359009,0.40888532996177673
please support we need help!!fl rebuild after irma! #weneedhelpfl donate here -,1,0,0.04053935036063194,0.9594606757164001
lifeline animal project and atlanta humane society to hold post-irma mega adoption event,1,0,0.00022456298756878823,0.9997754693031311
former bg couple weathers the storms.,0,1,0.5396867394447327,0.46031326055526733
team of in partnership with mka has been involved in clear up activities across #houston after #harvey,1,0,0.00029441629885695875,0.9997056126594543
"in puebla, #mexico, where churches dont stand, people still #pray: #sccatholics #earthquake",1,0,0.025621164590120316,0.9743788838386536
"twitter erupted over president trump' ""federal "" tweet about hurricane irma",0,1,0.9630075693130493,0.036992453038692474
click here #eu #news #europeunion mexico hit by new .-magnitude earthquake,0,1,0.9973270893096924,0.002672867150977254
juli marquez: 60s in citrus and hernando counties this morning! so happy to see inverness is reporting again. first,0,1,0.5604684352874756,0.4395316243171692
"ppr volunteers, jill &amp; kimberly, at parc pet suites, are caring for hurricane irma dogs that continue to arrive",1,0,0.15067671239376068,0.8493232727050781
blue cool tropical drink thinking about hurricane irma. need to find the next #blueshed,0,1,0.892162024974823,0.10783796012401581
"why does god take us through storms? check out sunday' message ""after irma"" by pastor david to start your week off.",1,0,0.000553191639482975,0.9994468092918396
nfl star goes above and beyond for victims of harvey in amazing gesture.,1,0,0.17227870225906372,0.8277212977409363
distributing tarps in huamuchil #oaxaca #mexicoearthquake,1,0,0.07168866693973541,0.928311288356781
irma' aftermath could spook waterfront property buyers by,1,0,0.039800893515348434,0.9601991772651672
not by fema. puerto rico hired them.,1,0,0.04074281081557274,0.959257185459137
"omg! earthquakes happen again in many places! in mexico, north korea, calif , usa!",0,1,0.9321970343589783,0.06780292838811874
"hedge funders are such nice people. this happened in san juan, pr after hurricane maria.",1,0,0.15127548575401306,0.8487244844436646
"#atlantic #hosts three #storms, with #maria on irma' #path - - #irmas #topstories",1,0,0.00026686384808272123,0.9997331500053406
week in pictures: from #iran earthquake to #greece floods #barcelona #kabul,0,1,0.9944790601730347,0.005520896054804325
trump sharing his most valuable possessions with harvey victims.,1,0,0.13252496719360352,0.8674749732017517
roster spot gives vikings rookie aviante collins means to help dad after hurricane harvey,1,0,0.14739805459976196,0.852601945400238
#photography | collection of classic bmws saved from california wildfires | #photooftheday #travel #photo,1,0,1.6770434740465134e-05,0.9999831914901733
"colonel spaulding &amp; chief thompson assisted #fhp troopers at the mile bridge checkpoint in marathon, florida this",0,1,0.8673086166381836,0.1326913684606552
"yankees, red sox pause rivalry in auction for harvey relief",1,0,0.1908235251903534,0.809176504611969
fema barges expected to arrive in port arthur in two days,0,1,0.5383577346801758,0.4616422653198242
bipartisan group of senators to visit puerto rico to survey maria damage,1,0,0.16349050402641296,0.8365095257759094
"month later, .. is failing with its food and water crisis in puerto rico",1,0,0.12941229343414307,0.8705877065658569
swear to god if maria hit us like irma did will move up north,1,0,0.007211641408503056,0.9927883744239807
. weekend events to benefit harvey victims,1,0,0.01998654194176197,0.9800134301185608
treasure coast family recounts vacation in the caribbean during irma,1,0,0.00991823896765709,0.9900817275047302
irma creates bittersweet travel bonus for luckier caribbean islands,1,0,4.8632491598255e-06,0.9999951124191284
"praise for national guard, abbott, in response to harvey #dallas",1,0,0.0005620605079457164,0.9994378685951233
more school closures. from for monday &amp; tuesday. #hate#harvey #khou11 #staysafe,1,0,0.0005295305163599551,0.9994705319404602
thank you for supporting in their efforts for harvey relief #cisdourstory #rjlblue #rjlyear4 #grateful,1,0,5.782845846624696e-08,1.0
please pray for mexico..the earthquake was devastatingfaaaaaaaaaaaf,0,1,0.9999562501907349,4.380365862743929e-05
"after irma, special oxygen masks helped florida pets breathe easier #usnews #usrc #usnews",1,0,0.39694827795028687,0.6030516624450684
texas &amp; expert: rainfall from harvey shattered every record,1,0,0.052215658128261566,0.9477843642234802
"google firm flies balloons to deliver internet, cellphone signals in devastated puerto rico - ...",1,0,0.23783740401268005,0.7621626257896423
very much disheartened earthquake,1,0,0.07982529699802399,0.9201747179031372
jacksonville mom says baby born during hurricane irma is ' really strong fighter',0,1,0.9041865468025208,0.09581342339515686
some awesome peps on -30 in arkansas with water and diapers for texas #houston #harvey,1,0,9.509055962553248e-05,0.9999048709869385
my parents adopted two hurricane harvey rescues last week. didn' take long for them to start being cute,1,0,0.020957043394446373,0.9790428876876831
"as #irma lurches toward florida, we look to potential impact in lehigh valley",1,0,2.9032064048806205e-05,0.9999709129333496
day &amp; irma recovery we are seeing the light. this team is working hard.,1,0,0.039876166731119156,0.9601238965988159
"looking into #jose' eye, in awe of nature' power. stay safe everyone. #irma #katia #vitamission",1,0,5.709599281544797e-05,0.9999428987503052
some of the pics from recent iran #earthquake worth thousand words. (photo source &amp; credit unknown),1,0,0.14754663407802582,0.852453351020813
help rebuild puerto rico!,1,0,0.16132356226444244,0.8386764526367188
want to see irmas power? watch this university of miami weather cam,1,0,0.019521092996001244,0.9804789423942566
"tonight, far too many people in #irmas path and in its wake.",1,0,0.16433416306972504,0.8356658220291138
waiting to hear from my dad and my brother. #hurricanemaria #aguadilla #orocovis,1,0,2.707289058889728e-05,0.999972939491272
stuff the bus for harvey big success!!,1,0,0.0014726250665262341,0.9985274076461792
"in wake of irma, harvey and jose, umass experts offer online 'teachouts' on hurricanes",1,0,0.1301051825284958,0.869894802570343
we're beginning restoration of service areas to impacted by #irma. learn more:,0,1,0.8508488535881042,0.14915114641189575
"'don' feel sorry for me': home damaged by irma, jimmy johnson skips ... #chicagobears",1,0,0.002089413348585367,0.9979105591773987
upheaval at california #fire district as chief waits to be fired,0,1,0.998589813709259,0.0014102001441642642
"concerns grow as garbage, debris pile up across puerto rico. na-24mo",0,1,0.8358250856399536,0.16417495906352997
ray signorello jr vows to rebuild after losing his winery building in the california fires,1,0,0.0905701220035553,0.9094298481941223
another 181 pets from puerto rico are on the path to finding new homes in new jersey ...,1,0,0.0008443809347227216,0.9991556406021118
keep praying for texas! these families have long road ahead of them. #prayfortexas,1,0,0.012500373646616936,0.9874996542930603
harvey recovery gets john sharp oversight as commissioner per gov. abbott: video,1,0,0.37928909063339233,0.6207109093666077
"roads once flooded, now littered with abandoned cars #harvey",1,0,0.16979743540287018,0.8302026391029358
harvey' back to school moana cake afternoon tea when he' home,1,0,9.963419870473444e-05,0.9999003410339355
pimco says puerto rico bonds are looking more attractive,1,0,0.004809319041669369,0.9951907396316528
ranger has home but there are so many animals on #stx post- #maria without homes.,1,0,0.0076166922226548195,0.9923833012580872
photos from puerto rico: it' all going to get worse:,1,0,0.0515478141605854,0.9484521746635437
"gears pro circuit delays mexico city event, donates to earthquake relief effort",0,1,0.9953043460845947,0.004695686511695385
"fema, the sba, plus other state and local agencies are looking for volunteers to help out post-harvey and irma.",1,0,0.22123312950134277,0.7787668704986572
trapped girl' wiggling fingers captivate quake-hit mexico #usrc,1,0,0.0652875006198883,0.9347124695777893
cooler #weather helping tame #california #wildfires:,1,0,0.0010448312386870384,0.9989551305770874
"some schools reopen in puerto rico, making do without power by lizette alvarez via nyt",1,0,0.12653182446956635,0.8734681606292725
harvey survivors tell us the items they were most bummed to lose,1,0,0.12266673147678375,0.8773332834243774
mexico . earthquake: 'absolutely horrific images' | msnbc #noticias #vdeo,1,0,0.15955482423305511,0.8404452204704285
"one month later, most of puerto rico is still utterly destroyed.",1,0,0.021755162626504898,0.9782448410987854
the aftermath of harvey and irma for businesses,1,0,0.3013298809528351,0.6986701488494873
#breakingnews #news the latest: house plans wednesday vote on harvey aid -,1,0,0.0290693249553442,0.9709306955337524
:00 celebrities! tweet your #puberme for puerto rico relief #lssc,1,0,2.6088366666954244e-06,0.9999973773956299
helping #irma &amp; #harvey recovery efforts? remember #charityscam may fake name to seem like real #nonprofit.,1,0,7.344593905145302e-05,0.9999265670776367
"charcoal, the expensive and only cooking fuel after irma",1,0,0.3436737358570099,0.6563262343406677
will it be socialist scam when we spend money to #hurricaneharvey / #huricaneirma recovery,0,1,0.9639374613761902,0.03606255352497101
the edge of delight and tragedy catch the moment live #iran #earthquake #sadness,1,0,0.13289064168930054,0.8671094179153442
.. best: hurricane irma to test florida market newbies,1,0,0.2296801507472992,0.7703198194503784
con artists will take your #harvey donation money,1,0,0.0010036664316430688,0.9989963173866272
#poundwishes is helping #animals affected by the #sonomafires click here to help:,1,0,3.0783126021560747e-06,0.9999969005584717
#workplace #gratitude in action: helping #harvey &amp; #irma hurricane victims. #beinspired,1,0,2.050282091659028e-05,0.9999794960021973
keep sharing the #mexicoquake everyday,1,0,3.224804095225409e-05,0.9999676942825317
returns from puerto rico to prepare another airlift of supplies! #teamfedex,1,0,0.09942349046468735,0.9005764722824097
mentor graphics team receives the harvey rosten award for thermal heatsink . [,1,0,0.0025950735434889793,0.9974048733711243
1st. get rid of they destroyed puerto rico!,1,0,0.00395133625715971,0.996048629283905
"delayed due to irma but congrats to talley murphy, our cheerleader of the game for robinson . plant!",1,0,0.011987139470875263,0.9880129098892212
kprc - sen. cruz visits with harvey volunteers in meyerland - september 15 2017 watch at:,1,0,0.005157472100108862,0.9948425889015198
they remember in chicago the humanitarian crisis that puerto rico still lives,0,1,0.8454212546348572,0.1545787751674652
with victor cruz and harry carson as the nfl alumni help careone raise money for puerto rico relief.,1,0,0.0006717305514030159,0.9993282556533813
"colorado natl. guard pilot went to help with harvey, came home with rescued dog",1,0,0.0005311090499162674,0.9994688630104065
for real. #hurricaneirma #hurricaneharvey #fires #mexicoearthquake #tiger #texas #florida,0,1,0.9999903440475464,9.699435395305045e-06
#hurricaneirma pizza relief! pledges pies for first responders #afterirma,0,1,0.9955700039863586,0.0044299946166574955
surreal astronaut photos show the danger and beauty of hurricane maria,1,0,0.011157258413732052,0.9888427257537842
iran muslim who set california wildfires burned american flag at .. berkeley protest is fake news - ...,0,1,0.9867029190063477,0.013297053053975105
liga mx matches postponed after devastating earthquake in mexico #soccer #espn,0,1,0.9953688383102417,0.004631148651242256
#ncaa oks request by #houston coach for aid to harvey victims. read more: #sports #news,1,0,0.005046000704169273,0.9949539303779602
california fires: how this picture of cat sums up the horror of wildfires sweeping usa,1,0,0.42680755257606506,0.5731924176216125
texas doesn' need moral leadership. they grow their own. #texasstrong #harvey #flyoverquotable,1,0,0.0029102847911417484,0.9970898032188416
harvey bug spray alert: air force to spray million houston-area acres with chemicals,0,1,0.9994528889656067,0.0005470773321576416
this video has been destroying in the last 28 days. im guessing because of irma lol,1,0,0.13149423897266388,0.8685057759284973
univision news weekly brief: month after the mexico quake and hurricane #maria,0,1,0.9960213303565979,0.003978699445724487
nana tornado at afia schwars house celebrating her yawa of week lol animguaase wake-keeping,0,1,0.9819336533546448,0.018066350370645523
